[[1;34mINFO[m] Scanning for projects...
[[1;34mINFO[m] 
[[1;34mINFO[m] [1m--------------------------< [0;36mcom.cscm:backend[0;1m >--------------------------[m
[[1;34mINFO[m] [1mBuilding CSCM Backend 1.0.0[m
[[1;34mINFO[m] [1m--------------------------------[ jar ]---------------------------------[m
[[1;34mINFO[m] 
[[1;34mINFO[m] [1m>>> [0;32mspring-boot-maven-plugin:3.2.3:run[m [1m(default-cli)[0;1m > [0;1mtest-compile[m @ [36mbackend[0;1m >>>[m
[[1;34mINFO[m] 
[[1;34mINFO[m] [1m--- [0;32mmaven-resources-plugin:3.3.1:resources[m [1m(default-resources)[m @ [36mbackend[0;1m ---[m
[[1;34mINFO[m] Copying 1 resource from src/main/resources to target/classes
[[1;34mINFO[m] Copying 3 resources from src/main/resources to target/classes
[[1;34mINFO[m] 
[[1;34mINFO[m] [1m--- [0;32mmaven-compiler-plugin:3.11.0:compile[m [1m(default-compile)[m @ [36mbackend[0;1m ---[m
[[1;34mINFO[m] Nothing to compile - all classes are up to date
[[1;34mINFO[m] 
[[1;34mINFO[m] [1m--- [0;32mmaven-resources-plugin:3.3.1:testResources[m [1m(default-testResources)[m @ [36mbackend[0;1m ---[m
[[1;34mINFO[m] skip non existing resourceDirectory /home/bala/CSCM_PROJECT/backend/src/test/resources
[[1;34mINFO[m] 
[[1;34mINFO[m] [1m--- [0;32mmaven-compiler-plugin:3.11.0:testCompile[m [1m(default-testCompile)[m @ [36mbackend[0;1m ---[m
[[1;34mINFO[m] Nothing to compile - all classes are up to date
[[1;34mINFO[m] 
[[1;34mINFO[m] [1m<<< [0;32mspring-boot-maven-plugin:3.2.3:run[m [1m(default-cli)[0;1m < [0;1mtest-compile[m @ [36mbackend[0;1m <<<[m
[[1;34mINFO[m] 
[[1;34mINFO[m] 
[[1;34mINFO[m] [1m--- [0;32mspring-boot-maven-plugin:3.2.3:run[m [1m(default-cli)[m @ [36mbackend[0;1m ---[m
[[1;34mINFO[m] Attaching agents: []

  .   ____          _            __ _ _
 /\\ / ___'_ __ _ _(_)_ __  __ _ \ \ \ \
( ( )\___ | '_ | '_| | '_ \/ _` | \ \ \ \
 \\/  ___)| |_)| | | | | || (_| |  ) ) ) )
  '  |____| .__|_| |_|_| |_\__, | / / / /
 =========|_|==============|___/=/_/_/_/
[32m :: Spring Boot :: [39m              [2m (v3.2.3)[0;39m

[2m2026-03-03T12:51:21.358+01:00[0;39m [32m INFO[0;39m [35m118167[0;39m [2m---[0;39m [2m[cscm-backend] [  restartedMain][0;39m [2m[0;39m[36mc.cscm.backend.CscmBackendApplication   [0;39m [2m:[0;39m Starting CscmBackendApplication using Java 23 with PID 118167 (/home/bala/CSCM_PROJECT/backend/target/classes started by bala in /home/bala/CSCM_PROJECT/backend)
[2m2026-03-03T12:51:21.360+01:00[0;39m [32mDEBUG[0;39m [35m118167[0;39m [2m---[0;39m [2m[cscm-backend] [  restartedMain][0;39m [2m[0;39m[36mc.cscm.backend.CscmBackendApplication   [0;39m [2m:[0;39m Running with Spring Boot v3.2.3, Spring v6.1.4
[2m2026-03-03T12:51:21.361+01:00[0;39m [32m INFO[0;39m [35m118167[0;39m [2m---[0;39m [2m[cscm-backend] [  restartedMain][0;39m [2m[0;39m[36mc.cscm.backend.CscmBackendApplication   [0;39m [2m:[0;39m No active profile set, falling back to 1 default profile: "default"
[2m2026-03-03T12:51:21.406+01:00[0;39m [32m INFO[0;39m [35m118167[0;39m [2m---[0;39m [2m[cscm-backend] [  restartedMain][0;39m [2m[0;39m[36m.e.DevToolsPropertyDefaultsPostProcessor[0;39m [2m:[0;39m Devtools property defaults active! Set 'spring.devtools.add-properties' to 'false' to disable
[2m2026-03-03T12:51:21.406+01:00[0;39m [32m INFO[0;39m [35m118167[0;39m [2m---[0;39m [2m[cscm-backend] [  restartedMain][0;39m [2m[0;39m[36m.e.DevToolsPropertyDefaultsPostProcessor[0;39m [2m:[0;39m For additional web related logging consider setting the 'logging.level.web' property to 'DEBUG'
[2m2026-03-03T12:51:22.588+01:00[0;39m [32m INFO[0;39m [35m118167[0;39m [2m---[0;39m [2m[cscm-backend] [  restartedMain][0;39m [2m[0;39m[36m.s.d.r.c.RepositoryConfigurationDelegate[0;39m [2m:[0;39m Bootstrapping Spring Data JPA repositories in DEFAULT mode.
[2m2026-03-03T12:51:22.659+01:00[0;39m [32m INFO[0;39m [35m118167[0;39m [2m---[0;39m [2m[cscm-backend] [  restartedMain][0;39m [2m[0;39m[36m.s.d.r.c.RepositoryConfigurationDelegate[0;39m [2m:[0;39m Finished Spring Data repository scanning in 66 ms. Found 17 JPA repository interfaces.
[2m2026-03-03T12:51:23.409+01:00[0;39m [32m INFO[0;39m [35m118167[0;39m [2m---[0;39m [2m[cscm-backend] [  restartedMain][0;39m [2m[0;39m[36mo.s.b.w.embedded.tomcat.TomcatWebServer [0;39m [2m:[0;39m Tomcat initialized with port 8080 (http)
[2m2026-03-03T12:51:23.419+01:00[0;39m [32m INFO[0;39m [35m118167[0;39m [2m---[0;39m [2m[cscm-backend] [  restartedMain][0;39m [2m[0;39m[36mo.apache.catalina.core.StandardService  [0;39m [2m:[0;39m Starting service [Tomcat]
[2m2026-03-03T12:51:23.420+01:00[0;39m [32m INFO[0;39m [35m118167[0;39m [2m---[0;39m [2m[cscm-backend] [  restartedMain][0;39m [2m[0;39m[36mo.apache.catalina.core.StandardEngine   [0;39m [2m:[0;39m Starting Servlet engine: [Apache Tomcat/10.1.19]
[2m2026-03-03T12:51:23.469+01:00[0;39m [32m INFO[0;39m [35m118167[0;39m [2m---[0;39m [2m[cscm-backend] [  restartedMain][0;39m [2m[0;39m[36mo.a.c.c.C.[Tomcat].[localhost].[/api]   [0;39m [2m:[0;39m Initializing Spring embedded WebApplicationContext
[2m2026-03-03T12:51:23.470+01:00[0;39m [32m INFO[0;39m [35m118167[0;39m [2m---[0;39m [2m[cscm-backend] [  restartedMain][0;39m [2m[0;39m[36mw.s.c.ServletWebServerApplicationContext[0;39m [2m:[0;39m Root WebApplicationContext: initialization completed in 2062 ms
[2m2026-03-03T12:51:24.036+01:00[0;39m [32m INFO[0;39m [35m118167[0;39m [2m---[0;39m [2m[cscm-backend] [  restartedMain][0;39m [2m[0;39m[36mcom.zaxxer.hikari.HikariDataSource      [0;39m [2m:[0;39m HikariPool-1 - Starting...
[2m2026-03-03T12:51:24.516+01:00[0;39m [32m INFO[0;39m [35m118167[0;39m [2m---[0;39m [2m[cscm-backend] [  restartedMain][0;39m [2m[0;39m[36mcom.zaxxer.hikari.pool.HikariPool       [0;39m [2m:[0;39m HikariPool-1 - Added connection org.postgresql.jdbc.PgConnection@4f69b31b
[2m2026-03-03T12:51:24.517+01:00[0;39m [32m INFO[0;39m [35m118167[0;39m [2m---[0;39m [2m[cscm-backend] [  restartedMain][0;39m [2m[0;39m[36mcom.zaxxer.hikari.HikariDataSource      [0;39m [2m:[0;39m HikariPool-1 - Start completed.
[2m2026-03-03T12:51:24.587+01:00[0;39m [32m INFO[0;39m [35m118167[0;39m [2m---[0;39m [2m[cscm-backend] [  restartedMain][0;39m [2m[0;39m[36mo.f.c.internal.license.VersionPrinter   [0;39m [2m:[0;39m Flyway Community Edition 9.22.3 by Redgate
[2m2026-03-03T12:51:24.587+01:00[0;39m [32m INFO[0;39m [35m118167[0;39m [2m---[0;39m [2m[cscm-backend] [  restartedMain][0;39m [2m[0;39m[36mo.f.c.internal.license.VersionPrinter   [0;39m [2m:[0;39m See release notes here: https://rd.gt/416ObMi
[2m2026-03-03T12:51:24.588+01:00[0;39m [32m INFO[0;39m [35m118167[0;39m [2m---[0;39m [2m[cscm-backend] [  restartedMain][0;39m [2m[0;39m[36mo.f.c.internal.license.VersionPrinter   [0;39m [2m:[0;39m 
[2m2026-03-03T12:51:24.597+01:00[0;39m [32m INFO[0;39m [35m118167[0;39m [2m---[0;39m [2m[cscm-backend] [  restartedMain][0;39m [2m[0;39m[36morg.flywaydb.core.FlywayExecutor        [0;39m [2m:[0;39m Database: jdbc:postgresql://localhost:5432/cscm_db (PostgreSQL 15.5)
[2m2026-03-03T12:51:24.628+01:00[0;39m [32m INFO[0;39m [35m118167[0;39m [2m---[0;39m [2m[cscm-backend] [  restartedMain][0;39m [2m[0;39m[36mo.f.core.internal.command.DbValidate    [0;39m [2m:[0;39m Successfully validated 3 migrations (execution time 00:00.019s)
[2m2026-03-03T12:51:24.666+01:00[0;39m [32m INFO[0;39m [35m118167[0;39m [2m---[0;39m [2m[cscm-backend] [  restartedMain][0;39m [2m[0;39m[36mo.f.core.internal.command.DbMigrate     [0;39m [2m:[0;39m Current version of schema "public": 3
[2m2026-03-03T12:51:24.668+01:00[0;39m [32m INFO[0;39m [35m118167[0;39m [2m---[0;39m [2m[cscm-backend] [  restartedMain][0;39m [2m[0;39m[36mo.f.core.internal.command.DbMigrate     [0;39m [2m:[0;39m Schema "public" is up to date. No migration necessary.
[2m2026-03-03T12:51:24.790+01:00[0;39m [32m INFO[0;39m [35m118167[0;39m [2m---[0;39m [2m[cscm-backend] [  restartedMain][0;39m [2m[0;39m[36mo.hibernate.jpa.internal.util.LogHelper [0;39m [2m:[0;39m HHH000204: Processing PersistenceUnitInfo [name: default]
[2m2026-03-03T12:51:24.873+01:00[0;39m [32m INFO[0;39m [35m118167[0;39m [2m---[0;39m [2m[cscm-backend] [  restartedMain][0;39m [2m[0;39m[36morg.hibernate.Version                   [0;39m [2m:[0;39m HHH000412: Hibernate ORM core version 6.4.4.Final
[2m2026-03-03T12:51:24.910+01:00[0;39m [32m INFO[0;39m [35m118167[0;39m [2m---[0;39m [2m[cscm-backend] [  restartedMain][0;39m [2m[0;39m[36mo.h.c.internal.RegionFactoryInitiator   [0;39m [2m:[0;39m HHH000026: Second-level cache disabled
[2m2026-03-03T12:51:25.064+01:00[0;39m [32m INFO[0;39m [35m118167[0;39m [2m---[0;39m [2m[cscm-backend] [  restartedMain][0;39m [2m[0;39m[36mo.s.o.j.p.SpringPersistenceUnitInfo     [0;39m [2m:[0;39m No LoadTimeWeaver setup: ignoring JPA class transformer
[2m2026-03-03T12:51:25.109+01:00[0;39m [33m WARN[0;39m [35m118167[0;39m [2m---[0;39m [2m[cscm-backend] [  restartedMain][0;39m [2m[0;39m[36morg.hibernate.orm.deprecation           [0;39m [2m:[0;39m HHH90000025: PostgreSQLDialect does not need to be specified explicitly using 'hibernate.dialect' (remove the property setting and it will be selected by default)
[2m2026-03-03T12:51:26.954+01:00[0;39m [32m INFO[0;39m [35m118167[0;39m [2m---[0;39m [2m[cscm-backend] [  restartedMain][0;39m [2m[0;39m[36mo.h.e.t.j.p.i.JtaPlatformInitiator      [0;39m [2m:[0;39m HHH000489: No JTA platform available (set 'hibernate.transaction.jta.platform' to enable JTA platform integration)
[2m2026-03-03T12:51:27.040+01:00[0;39m [32m INFO[0;39m [35m118167[0;39m [2m---[0;39m [2m[cscm-backend] [  restartedMain][0;39m [2m[0;39m[36mj.LocalContainerEntityManagerFactoryBean[0;39m [2m:[0;39m Initialized JPA EntityManagerFactory for persistence unit 'default'
[2m2026-03-03T12:51:27.688+01:00[0;39m [32mDEBUG[0;39m [35m118167[0;39m [2m---[0;39m [2m[cscm-backend] [  restartedMain][0;39m [2m[0;39m[36mc.cscm.backend.security.JwtAuthFilter   [0;39m [2m:[0;39m Filter 'jwtAuthFilter' configured for use
[2m2026-03-03T12:51:27.805+01:00[0;39m [32m INFO[0;39m [35m118167[0;39m [2m---[0;39m [2m[cscm-backend] [  restartedMain][0;39m [2m[0;39m[36mo.s.d.j.r.query.QueryEnhancerFactory    [0;39m [2m:[0;39m Hibernate is in classpath; If applicable, HQL parser will be used.
[2m2026-03-03T12:51:29.362+01:00[0;39m [33m WARN[0;39m [35m118167[0;39m [2m---[0;39m [2m[cscm-backend] [  restartedMain][0;39m [2m[0;39m[36mJpaBaseConfiguration$JpaWebConfiguration[0;39m [2m:[0;39m spring.jpa.open-in-view is enabled by default. Therefore, database queries may be performed during view rendering. Explicitly configure spring.jpa.open-in-view to disable this warning
[2m2026-03-03T12:51:30.297+01:00[0;39m [32m INFO[0;39m [35m118167[0;39m [2m---[0;39m [2m[cscm-backend] [  restartedMain][0;39m [2m[0;39m[36mo.s.b.a.e.web.EndpointLinksResolver     [0;39m [2m:[0;39m Exposing 3 endpoint(s) beneath base path '/actuator'
[2m2026-03-03T12:51:30.393+01:00[0;39m [32m INFO[0;39m [35m118167[0;39m [2m---[0;39m [2m[cscm-backend] [  restartedMain][0;39m [2m[0;39m[36mo.s.s.web.DefaultSecurityFilterChain    [0;39m [2m:[0;39m Will secure any request with [org.springframework.security.web.session.DisableEncodeUrlFilter@600a421, org.springframework.security.web.context.request.async.WebAsyncManagerIntegrationFilter@13dffc6d, org.springframework.security.web.context.SecurityContextHolderFilter@7cb621df, org.springframework.security.web.header.HeaderWriterFilter@3943851f, org.springframework.web.filter.CorsFilter@1f2e79a5, org.springframework.security.web.authentication.logout.LogoutFilter@295edeee, com.cscm.backend.security.JwtAuthFilter@76c92056, org.springframework.security.web.savedrequest.RequestCacheAwareFilter@502abf8a, org.springframework.security.web.servletapi.SecurityContextHolderAwareRequestFilter@7685e3d7, org.springframework.security.web.authentication.AnonymousAuthenticationFilter@13b3766, org.springframework.security.web.session.SessionManagementFilter@6b657488, org.springframework.security.web.access.ExceptionTranslationFilter@3fb03e3e, org.springframework.security.web.access.intercept.AuthorizationFilter@117de7f9]
[2m2026-03-03T12:51:31.180+01:00[0;39m [33m WARN[0;39m [35m118167[0;39m [2m---[0;39m [2m[cscm-backend] [  restartedMain][0;39m [2m[0;39m[36mo.s.b.d.a.OptionalLiveReloadServer      [0;39m [2m:[0;39m Unable to start LiveReload server
[2m2026-03-03T12:51:31.261+01:00[0;39m [32m INFO[0;39m [35m118167[0;39m [2m---[0;39m [2m[cscm-backend] [  restartedMain][0;39m [2m[0;39m[36mo.s.b.w.embedded.tomcat.TomcatWebServer [0;39m [2m:[0;39m Tomcat started on port 8080 (http) with context path '/api'
[2m2026-03-03T12:51:31.281+01:00[0;39m [32m INFO[0;39m [35m118167[0;39m [2m---[0;39m [2m[cscm-backend] [  restartedMain][0;39m [2m[0;39m[36mc.cscm.backend.CscmBackendApplication   [0;39m [2m:[0;39m Started CscmBackendApplication in 10.433 seconds (process running for 10.836)
[2m2026-03-03T12:51:49.734+01:00[0;39m [32m INFO[0;39m [35m118167[0;39m [2m---[0;39m [2m[cscm-backend] [nio-8080-exec-2][0;39m [2m[0;39m[36mo.a.c.c.C.[Tomcat].[localhost].[/api]   [0;39m [2m:[0;39m Initializing Spring DispatcherServlet 'dispatcherServlet'
[2m2026-03-03T12:51:49.734+01:00[0;39m [32m INFO[0;39m [35m118167[0;39m [2m---[0;39m [2m[cscm-backend] [nio-8080-exec-2][0;39m [2m[0;39m[36mo.s.web.servlet.DispatcherServlet       [0;39m [2m:[0;39m Initializing Servlet 'dispatcherServlet'
[2m2026-03-03T12:51:49.742+01:00[0;39m [32m INFO[0;39m [35m118167[0;39m [2m---[0;39m [2m[cscm-backend] [nio-8080-exec-2][0;39m [2m[0;39m[36mo.s.web.servlet.DispatcherServlet       [0;39m [2m:[0;39m Completed initialization in 7 ms
[2m2026-03-03T12:51:51.814+01:00[0;39m [32m INFO[0;39m [35m118167[0;39m [2m---[0;39m [2m[cscm-backend] [nio-8080-exec-5][0;39m [2m[0;39m[36mcom.cscm.backend.service.AuthService    [0;39m [2m:[0;39m Nouveau médecin inscrit: dr.martin.1772538711@hopital.cm | Spécialité: Cardiologie
[2m2026-03-03T12:52:40.977+01:00[0;39m [32m INFO[0;39m [35m118167[0;39m [2m---[0;39m [2m[cscm-backend] [nio-8080-exec-3][0;39m [2m[0;39m[36mcom.cscm.backend.service.AuthService    [0;39m [2m:[0;39m Nouveau médecin inscrit: dr.martin.1772538760@hopital.cm | Spécialité: Cardiologie
[2m2026-03-03T12:52:42.413+01:00[0;39m [32mDEBUG[0;39m [35m118167[0;39m [2m---[0;39m [2m[cscm-backend] [nio-8080-exec-1][0;39m [2m[0;39m[36mcom.cscm.backend.aspect.AuditAspect     [0;39m [2m:[0;39m Audit record created for user: admin@cscm.app action: PUT /api/medecins/d504a6e5-7728-45e1-bd90-d18c2ce08413/valider
[2m2026-03-03T12:52:42.621+01:00[0;39m [32mDEBUG[0;39m [35m118167[0;39m [2m---[0;39m [2m[cscm-backend] [nio-8080-exec-3][0;39m [2m[0;39m[36mcom.cscm.backend.aspect.AuditAspect     [0;39m [2m:[0;39m Audit record created for user: admin@cscm.app action: PUT /api/medecins/d504a6e5-7728-45e1-bd90-d18c2ce08413/rejeter
[2m2026-03-03T12:52:42.937+01:00[0;39m [32mDEBUG[0;39m [35m118167[0;39m [2m---[0;39m [2m[cscm-backend] [nio-8080-exec-5][0;39m [2m[0;39m[36mcom.cscm.backend.aspect.AuditAspect     [0;39m [2m:[0;39m Audit record created for user: admin@cscm.app action: PUT /api/medecins/d504a6e5-7728-45e1-bd90-d18c2ce08413/suspendre
[2m2026-03-03T12:52:43.168+01:00[0;39m [32mDEBUG[0;39m [35m118167[0;39m [2m---[0;39m [2m[cscm-backend] [nio-8080-exec-9][0;39m [2m[0;39m[36mcom.cscm.backend.aspect.AuditAspect     [0;39m [2m:[0;39m Audit record created for user: admin@cscm.app action: PUT /api/admin/users/780798d7-f447-4290-9bfd-b612d5e3bf2b/activer
[2m2026-03-03T12:52:43.753+01:00[0;39m [32m INFO[0;39m [35m118167[0;39m [2m---[0;39m [2m[cscm-backend] [nio-8080-exec-1][0;39m [2m[0;39m[36mcom.cscm.backend.service.AuthService    [0;39m [2m:[0;39m Nouveau patient inscrit: jean.dupont.1772538760@patient.cm | Carnet: CM-2026-026115
[2m2026-03-03T12:52:44.511+01:00[0;39m [33m WARN[0;39m [35m118167[0;39m [2m---[0;39m [2m[cscm-backend] [nio-8080-exec-6][0;39m [2m[0;39m[36mo.h.engine.jdbc.spi.SqlExceptionHelper  [0;39m [2m:[0;39m SQL Error: 0, SQLState: 22001
[2m2026-03-03T12:52:44.512+01:00[0;39m [31mERROR[0;39m [35m118167[0;39m [2m---[0;39m [2m[cscm-backend] [nio-8080-exec-6][0;39m [2m[0;39m[36mo.h.engine.jdbc.spi.SqlExceptionHelper  [0;39m [2m:[0;39m ERROR: value too long for type character varying(100)
[2m2026-03-03T12:52:44.530+01:00[0;39m [31mERROR[0;39m [35m118167[0;39m [2m---[0;39m [2m[cscm-backend] [nio-8080-exec-6][0;39m [2m[0;39m[36mcom.cscm.backend.aspect.AuditAspect     [0;39m [2m:[0;39m Failed to save audit log: could not execute statement [ERROR: value too long for type character varying(100)] [insert into audit_logs (action,ancien_valeur,created_at,description,entite_id,entite_type,ip_address,nouvelle_valeur,user_agent,user_email,user_id,user_role) values (?,?,?,?,?,?,?,?,?,?,?,?)]; SQL [insert into audit_logs (action,ancien_valeur,created_at,description,entite_id,entite_type,ip_address,nouvelle_valeur,user_agent,user_email,user_id,user_role) values (?,?,?,?,?,?,?,?,?,?,?,?)]
[2m2026-03-03T12:52:44.939+01:00[0;39m [32mDEBUG[0;39m [35m118167[0;39m [2m---[0;39m [2m[cscm-backend] [nio-8080-exec-8][0;39m [2m[0;39m[36mcom.cscm.backend.aspect.AuditAspect     [0;39m [2m:[0;39m Audit record created for user: dr.martin.1772538760@hopital.cm action: POST /api/consultations/carnet/23468b7b-96ba-4cf0-8b9b-d879f8c98b58
[2m2026-03-03T12:52:45.291+01:00[0;39m [32mDEBUG[0;39m [35m118167[0;39m [2m---[0;39m [2m[cscm-backend] [io-8080-exec-10][0;39m [2m[0;39m[36mcom.cscm.backend.aspect.AuditAspect     [0;39m [2m:[0;39m Audit record created for user: dr.martin.1772538760@hopital.cm action: POST /api/allergies/carnet/23468b7b-96ba-4cf0-8b9b-d879f8c98b58
[2m2026-03-03T12:52:45.552+01:00[0;39m [32mDEBUG[0;39m [35m118167[0;39m [2m---[0;39m [2m[cscm-backend] [nio-8080-exec-2][0;39m [2m[0;39m[36mcom.cscm.backend.aspect.AuditAspect     [0;39m [2m:[0;39m Audit record created for user: dr.martin.1772538760@hopital.cm action: POST /api/ordonnances/carnet/23468b7b-96ba-4cf0-8b9b-d879f8c98b58
[2m2026-03-03T12:52:46.586+01:00[0;39m [32mDEBUG[0;39m [35m118167[0;39m [2m---[0;39m [2m[cscm-backend] [nio-8080-exec-2][0;39m [2m[0;39m[36mcom.cscm.backend.aspect.AuditAspect     [0;39m [2m:[0;39m Audit record created for user: jean.dupont.1772538760@patient.cm action: DELETE /api/approbations/bfa6c190-a678-4587-9a20-106ba36dc177
[2m2026-03-03T12:52:46.787+01:00[0;39m [33m WARN[0;39m [35m118167[0;39m [2m---[0;39m [2m[cscm-backend] [nio-8080-exec-4][0;39m [2m[0;39m[36mc.c.b.exception.GlobalExceptionHandler  [0;39m [2m:[0;39m Erreur métier: Accès refusé : le patient n'a pas autorisé ce médecin à éditer son carnet
[2m2026-03-03T12:52:46.791+01:00[0;39m [33m WARN[0;39m [35m118167[0;39m [2m---[0;39m [2m[cscm-backend] [nio-8080-exec-4][0;39m [2m[0;39m[36m.m.m.a.ExceptionHandlerExceptionResolver[0;39m [2m:[0;39m Resolved [com.cscm.backend.exception.BusinessException: Accès refusé : le patient n'a pas autorisé ce médecin à éditer son carnet]
[2m2026-03-03T12:54:04.269+01:00[0;39m [32m INFO[0;39m [35m118167[0;39m [2m---[0;39m [2m[cscm-backend] [nio-8080-exec-1][0;39m [2m[0;39m[36mcom.cscm.backend.service.AuthService    [0;39m [2m:[0;39m Nouveau médecin inscrit: dr.martin.1772538843@hopital.cm | Spécialité: Cardiologie
[2m2026-03-03T12:54:05.102+01:00[0;39m [32mDEBUG[0;39m [35m118167[0;39m [2m---[0;39m [2m[cscm-backend] [nio-8080-exec-9][0;39m [2m[0;39m[36mcom.cscm.backend.aspect.AuditAspect     [0;39m [2m:[0;39m Audit record created for user: admin@cscm.app action: PUT /api/medecins/dee211ce-3948-4c4b-8465-c8db1d8ec1f4/valider
[2m2026-03-03T12:54:05.305+01:00[0;39m [32mDEBUG[0;39m [35m118167[0;39m [2m---[0;39m [2m[cscm-backend] [nio-8080-exec-1][0;39m [2m[0;39m[36mcom.cscm.backend.aspect.AuditAspect     [0;39m [2m:[0;39m Audit record created for user: admin@cscm.app action: PUT /api/medecins/dee211ce-3948-4c4b-8465-c8db1d8ec1f4/rejeter
[2m2026-03-03T12:54:05.599+01:00[0;39m [32mDEBUG[0;39m [35m118167[0;39m [2m---[0;39m [2m[cscm-backend] [nio-8080-exec-3][0;39m [2m[0;39m[36mcom.cscm.backend.aspect.AuditAspect     [0;39m [2m:[0;39m Audit record created for user: admin@cscm.app action: PUT /api/medecins/dee211ce-3948-4c4b-8465-c8db1d8ec1f4/suspendre
[2m2026-03-03T12:54:05.692+01:00[0;39m [32mDEBUG[0;39m [35m118167[0;39m [2m---[0;39m [2m[cscm-backend] [nio-8080-exec-7][0;39m [2m[0;39m[36mcom.cscm.backend.aspect.AuditAspect     [0;39m [2m:[0;39m Audit record created for user: admin@cscm.app action: PUT /api/admin/users/2796dcbe-f809-416d-a4a7-ebcab6637559/activer
[2m2026-03-03T12:54:06.077+01:00[0;39m [32m INFO[0;39m [35m118167[0;39m [2m---[0;39m [2m[cscm-backend] [io-8080-exec-10][0;39m [2m[0;39m[36mcom.cscm.backend.service.AuthService    [0;39m [2m:[0;39m Nouveau patient inscrit: jean.dupont.1772538843@patient.cm | Carnet: CM-2026-157640
[2m2026-03-03T12:54:07.031+01:00[0;39m [33m WARN[0;39m [35m118167[0;39m [2m---[0;39m [2m[cscm-backend] [nio-8080-exec-5][0;39m [2m[0;39m[36mo.h.engine.jdbc.spi.SqlExceptionHelper  [0;39m [2m:[0;39m SQL Error: 0, SQLState: 22001
[2m2026-03-03T12:54:07.031+01:00[0;39m [31mERROR[0;39m [35m118167[0;39m [2m---[0;39m [2m[cscm-backend] [nio-8080-exec-5][0;39m [2m[0;39m[36mo.h.engine.jdbc.spi.SqlExceptionHelper  [0;39m [2m:[0;39m ERROR: value too long for type character varying(100)
[2m2026-03-03T12:54:07.033+01:00[0;39m [31mERROR[0;39m [35m118167[0;39m [2m---[0;39m [2m[cscm-backend] [nio-8080-exec-5][0;39m [2m[0;39m[36mcom.cscm.backend.aspect.AuditAspect     [0;39m [2m:[0;39m Failed to save audit log: could not execute statement [ERROR: value too long for type character varying(100)] [insert into audit_logs (action,ancien_valeur,created_at,description,entite_id,entite_type,ip_address,nouvelle_valeur,user_agent,user_email,user_id,user_role) values (?,?,?,?,?,?,?,?,?,?,?,?)]; SQL [insert into audit_logs (action,ancien_valeur,created_at,description,entite_id,entite_type,ip_address,nouvelle_valeur,user_agent,user_email,user_id,user_role) values (?,?,?,?,?,?,?,?,?,?,?,?)]
[2m2026-03-03T12:54:07.369+01:00[0;39m [32mDEBUG[0;39m [35m118167[0;39m [2m---[0;39m [2m[cscm-backend] [nio-8080-exec-6][0;39m [2m[0;39m[36mcom.cscm.backend.aspect.AuditAspect     [0;39m [2m:[0;39m Audit record created for user: dr.martin.1772538843@hopital.cm action: POST /api/consultations/carnet/963c8996-5d4d-47eb-947b-3249eb4a7f23
[2m2026-03-03T12:54:07.705+01:00[0;39m [32mDEBUG[0;39m [35m118167[0;39m [2m---[0;39m [2m[cscm-backend] [nio-8080-exec-8][0;39m [2m[0;39m[36mcom.cscm.backend.aspect.AuditAspect     [0;39m [2m:[0;39m Audit record created for user: dr.martin.1772538843@hopital.cm action: POST /api/allergies/carnet/963c8996-5d4d-47eb-947b-3249eb4a7f23
[2m2026-03-03T12:54:07.943+01:00[0;39m [32mDEBUG[0;39m [35m118167[0;39m [2m---[0;39m [2m[cscm-backend] [nio-8080-exec-9][0;39m [2m[0;39m[36mcom.cscm.backend.aspect.AuditAspect     [0;39m [2m:[0;39m Audit record created for user: dr.martin.1772538843@hopital.cm action: POST /api/ordonnances/carnet/963c8996-5d4d-47eb-947b-3249eb4a7f23
[2m2026-03-03T12:54:09.396+01:00[0;39m [32mDEBUG[0;39m [35m118167[0;39m [2m---[0;39m [2m[cscm-backend] [nio-8080-exec-9][0;39m [2m[0;39m[36mcom.cscm.backend.aspect.AuditAspect     [0;39m [2m:[0;39m Audit record created for user: jean.dupont.1772538843@patient.cm action: DELETE /api/approbations/f41ea2ad-e212-4468-adf9-57d65ae51fbb
[2m2026-03-03T12:54:09.568+01:00[0;39m [33m WARN[0;39m [35m118167[0;39m [2m---[0;39m [2m[cscm-backend] [nio-8080-exec-2][0;39m [2m[0;39m[36mc.c.b.exception.GlobalExceptionHandler  [0;39m [2m:[0;39m Erreur métier: Accès refusé : le patient n'a pas autorisé ce médecin à éditer son carnet
[2m2026-03-03T12:54:09.570+01:00[0;39m [33m WARN[0;39m [35m118167[0;39m [2m---[0;39m [2m[cscm-backend] [nio-8080-exec-2][0;39m [2m[0;39m[36m.m.m.a.ExceptionHandlerExceptionResolver[0;39m [2m:[0;39m Resolved [com.cscm.backend.exception.BusinessException: Accès refusé : le patient n'a pas autorisé ce médecin à éditer son carnet]
[2m2026-03-03T13:00:00.008+01:00[0;39m [32m INFO[0;39m [35m118167[0;39m [2m---[0;39m [2m[cscm-backend] [   scheduling-1][0;39m [2m[0;39m[36mcom.cscm.backend.job.AutoRevocationJob  [0;39m [2m:[0;39m Running AutoRevocationJob to check for expired doctor access approvals...
[2m2026-03-03T13:00:00.057+01:00[0;39m [32mDEBUG[0;39m [35m118167[0;39m [2m---[0;39m [2m[cscm-backend] [   scheduling-1][0;39m [2m[0;39m[36mcom.cscm.backend.job.AutoRevocationJob  [0;39m [2m:[0;39m No expired approbations found at this time.
[2m2026-03-03T13:02:40.136+01:00[0;39m [32m INFO[0;39m [35m118167[0;39m [2m---[0;39m [2m[cscm-backend] [nio-8080-exec-2][0;39m [2m[0;39m[36mo.springdoc.api.AbstractOpenApiResource [0;39m [2m:[0;39m Init duration for springdoc-openapi is: 2484 ms
[2m2026-03-03T14:00:00.003+01:00[0;39m [32m INFO[0;39m [35m118167[0;39m [2m---[0;39m [2m[cscm-backend] [   scheduling-1][0;39m [2m[0;39m[36mcom.cscm.backend.job.AutoRevocationJob  [0;39m [2m:[0;39m Running AutoRevocationJob to check for expired doctor access approvals...
[2m2026-03-03T14:00:00.014+01:00[0;39m [32mDEBUG[0;39m [35m118167[0;39m [2m---[0;39m [2m[cscm-backend] [   scheduling-1][0;39m [2m[0;39m[36mcom.cscm.backend.job.AutoRevocationJob  [0;39m [2m:[0;39m No expired approbations found at this time.
[2m2026-03-03T22:42:30.700+01:00[0;39m [33m WARN[0;39m [35m118167[0;39m [2m---[0;39m [2m[cscm-backend] [nio-8080-exec-6][0;39m [2m[0;39m[36m.m.m.a.ExceptionHandlerExceptionResolver[0;39m [2m:[0;39m Resolved [org.springframework.security.authentication.BadCredentialsException: Bad credentials]
[2m2026-03-03T22:43:27.829+01:00[0;39m [32mDEBUG[0;39m [35m118167[0;39m [2m---[0;39m [2m[cscm-backend] [nio-8080-exec-8][0;39m [2m[0;39m[36mcom.cscm.backend.aspect.AuditAspect     [0;39m [2m:[0;39m Audit record created for user: patient@gmail.com action: POST /api/auth/logout
[2m2026-03-03T22:51:42.676+01:00[0;39m [32mDEBUG[0;39m [35m118167[0;39m [2m---[0;39m [2m[cscm-backend] [nio-8080-exec-8][0;39m [2m[0;39m[36mcom.cscm.backend.aspect.AuditAspect     [0;39m [2m:[0;39m Audit record created for user: patient@gmail.com action: POST /api/auth/logout
[2m2026-03-03T22:58:06.486+01:00[0;39m [32m INFO[0;39m [35m118167[0;39m [2m---[0;39m [2m[cscm-backend] [   File Watcher][0;39m [2m[0;39m[36mrtingClassPathChangeChangedEventListener[0;39m [2m:[0;39m Restarting due to 1 class path change (1 addition, 0 deletions, 0 modifications)
[2m2026-03-03T22:58:06.591+01:00[0;39m [32m INFO[0;39m [35m118167[0;39m [2m---[0;39m [2m[cscm-backend] [       Thread-1][0;39m [2m[0;39m[36mj.LocalContainerEntityManagerFactoryBean[0;39m [2m:[0;39m Closing JPA EntityManagerFactory for persistence unit 'default'
[2m2026-03-03T22:58:06.608+01:00[0;39m [32m INFO[0;39m [35m118167[0;39m [2m---[0;39m [2m[cscm-backend] [       Thread-1][0;39m [2m[0;39m[36mcom.zaxxer.hikari.HikariDataSource      [0;39m [2m:[0;39m HikariPool-1 - Shutdown initiated...
[2m2026-03-03T22:58:06.625+01:00[0;39m [32m INFO[0;39m [35m118167[0;39m [2m---[0;39m [2m[cscm-backend] [       Thread-1][0;39m [2m[0;39m[36mcom.zaxxer.hikari.HikariDataSource      [0;39m [2m:[0;39m HikariPool-1 - Shutdown completed.

  .   ____          _            __ _ _
 /\\ / ___'_ __ _ _(_)_ __  __ _ \ \ \ \
( ( )\___ | '_ | '_| | '_ \/ _` | \ \ \ \
 \\/  ___)| |_)| | | | | || (_| |  ) ) ) )
  '  |____| .__|_| |_|_| |_\__, | / / / /
 =========|_|==============|___/=/_/_/_/
[32m :: Spring Boot :: [39m              [2m (v3.2.3)[0;39m

[2m2026-03-03T22:58:07.139+01:00[0;39m [32m INFO[0;39m [35m118167[0;39m [2m---[0;39m [2m[cscm-backend] [  restartedMain][0;39m [2m[0;39m[36mc.cscm.backend.CscmBackendApplication   [0;39m [2m:[0;39m Starting CscmBackendApplication using Java 23 with PID 118167 (/home/bala/CSCM_PROJECT/backend/target/classes started by bala in /home/bala/CSCM_PROJECT/backend)
[2m2026-03-03T22:58:07.140+01:00[0;39m [32mDEBUG[0;39m [35m118167[0;39m [2m---[0;39m [2m[cscm-backend] [  restartedMain][0;39m [2m[0;39m[36mc.cscm.backend.CscmBackendApplication   [0;39m [2m:[0;39m Running with Spring Boot v3.2.3, Spring v6.1.4
[2m2026-03-03T22:58:07.141+01:00[0;39m [32m INFO[0;39m [35m118167[0;39m [2m---[0;39m [2m[cscm-backend] [  restartedMain][0;39m [2m[0;39m[36mc.cscm.backend.CscmBackendApplication   [0;39m [2m:[0;39m No active profile set, falling back to 1 default profile: "default"
[2m2026-03-03T22:58:08.246+01:00[0;39m [32m INFO[0;39m [35m118167[0;39m [2m---[0;39m [2m[cscm-backend] [  restartedMain][0;39m [2m[0;39m[36m.s.d.r.c.RepositoryConfigurationDelegate[0;39m [2m:[0;39m Bootstrapping Spring Data JPA repositories in DEFAULT mode.
[2m2026-03-03T22:58:08.310+01:00[0;39m [32m INFO[0;39m [35m118167[0;39m [2m---[0;39m [2m[cscm-backend] [  restartedMain][0;39m [2m[0;39m[36m.s.d.r.c.RepositoryConfigurationDelegate[0;39m [2m:[0;39m Finished Spring Data repository scanning in 63 ms. Found 17 JPA repository interfaces.
[2m2026-03-03T22:58:08.942+01:00[0;39m [32m INFO[0;39m [35m118167[0;39m [2m---[0;39m [2m[cscm-backend] [  restartedMain][0;39m [2m[0;39m[36mo.s.b.w.embedded.tomcat.TomcatWebServer [0;39m [2m:[0;39m Tomcat initialized with port 8080 (http)
[2m2026-03-03T22:58:08.945+01:00[0;39m [32m INFO[0;39m [35m118167[0;39m [2m---[0;39m [2m[cscm-backend] [  restartedMain][0;39m [2m[0;39m[36mo.apache.catalina.core.StandardService  [0;39m [2m:[0;39m Starting service [Tomcat]
[2m2026-03-03T22:58:08.946+01:00[0;39m [32m INFO[0;39m [35m118167[0;39m [2m---[0;39m [2m[cscm-backend] [  restartedMain][0;39m [2m[0;39m[36mo.apache.catalina.core.StandardEngine   [0;39m [2m:[0;39m Starting Servlet engine: [Apache Tomcat/10.1.19]
[2m2026-03-03T22:58:08.968+01:00[0;39m [32m INFO[0;39m [35m118167[0;39m [2m---[0;39m [2m[cscm-backend] [  restartedMain][0;39m [2m[0;39m[36mo.a.c.c.C.[Tomcat].[localhost].[/api]   [0;39m [2m:[0;39m Initializing Spring embedded WebApplicationContext
[2m2026-03-03T22:58:08.969+01:00[0;39m [32m INFO[0;39m [35m118167[0;39m [2m---[0;39m [2m[cscm-backend] [  restartedMain][0;39m [2m[0;39m[36mw.s.c.ServletWebServerApplicationContext[0;39m [2m:[0;39m Root WebApplicationContext: initialization completed in 1819 ms
[2m2026-03-03T22:58:09.684+01:00[0;39m [32m INFO[0;39m [35m118167[0;39m [2m---[0;39m [2m[cscm-backend] [  restartedMain][0;39m [2m[0;39m[36mcom.zaxxer.hikari.HikariDataSource      [0;39m [2m:[0;39m HikariPool-2 - Starting...
[2m2026-03-03T22:58:09.801+01:00[0;39m [32m INFO[0;39m [35m118167[0;39m [2m---[0;39m [2m[cscm-backend] [  restartedMain][0;39m [2m[0;39m[36mcom.zaxxer.hikari.pool.HikariPool       [0;39m [2m:[0;39m HikariPool-2 - Added connection org.postgresql.jdbc.PgConnection@1af6c2a9
[2m2026-03-03T22:58:09.802+01:00[0;39m [32m INFO[0;39m [35m118167[0;39m [2m---[0;39m [2m[cscm-backend] [  restartedMain][0;39m [2m[0;39m[36mcom.zaxxer.hikari.HikariDataSource      [0;39m [2m:[0;39m HikariPool-2 - Start completed.
[2m2026-03-03T22:58:09.845+01:00[0;39m [32m INFO[0;39m [35m118167[0;39m [2m---[0;39m [2m[cscm-backend] [  restartedMain][0;39m [2m[0;39m[36morg.flywaydb.core.FlywayExecutor        [0;39m [2m:[0;39m Database: jdbc:postgresql://localhost:5432/cscm_db (PostgreSQL 15.5)
[2m2026-03-03T22:58:09.877+01:00[0;39m [32m INFO[0;39m [35m118167[0;39m [2m---[0;39m [2m[cscm-backend] [  restartedMain][0;39m [2m[0;39m[36mo.f.core.internal.command.DbValidate    [0;39m [2m:[0;39m Successfully validated 4 migrations (execution time 00:00.018s)
[2m2026-03-03T22:58:10.002+01:00[0;39m [32m INFO[0;39m [35m118167[0;39m [2m---[0;39m [2m[cscm-backend] [  restartedMain][0;39m [2m[0;39m[36mo.f.core.internal.command.DbMigrate     [0;39m [2m:[0;39m Current version of schema "public": 3
[2m2026-03-03T22:58:10.154+01:00[0;39m [32m INFO[0;39m [35m118167[0;39m [2m---[0;39m [2m[cscm-backend] [  restartedMain][0;39m [2m[0;39m[36mo.f.core.internal.command.DbMigrate     [0;39m [2m:[0;39m Migrating schema "public" to version "4 - seed demo data"
[2m2026-03-03T22:58:10.196+01:00[0;39m [31mERROR[0;39m [35m118167[0;39m [2m---[0;39m [2m[cscm-backend] [  restartedMain][0;39m [2m[0;39m[36mo.f.core.internal.command.DbMigrate     [0;39m [2m:[0;39m Migration of schema "public" to version "4 - seed demo data" failed! Changes successfully rolled back.
[2m2026-03-03T22:58:10.209+01:00[0;39m [31mERROR[0;39m [35m118167[0;39m [2m---[0;39m [2m[cscm-backend] [  restartedMain][0;39m [2m[0;39m[36mo.s.b.web.embedded.tomcat.TomcatStarter [0;39m [2m:[0;39m Error starting Tomcat context. Exception: org.springframework.beans.factory.UnsatisfiedDependencyException. Message: Error creating bean with name 'jwtAuthFilter' defined in file [/home/bala/CSCM_PROJECT/backend/target/classes/com/cscm/backend/security/JwtAuthFilter.class]: Unsatisfied dependency expressed through constructor parameter 1: Error creating bean with name 'customUserDetailsService' defined in file [/home/bala/CSCM_PROJECT/backend/target/classes/com/cscm/backend/security/CustomUserDetailsService.class]: Unsatisfied dependency expressed through constructor parameter 0: Error creating bean with name 'userRepository' defined in com.cscm.backend.repository.UserRepository defined in @EnableJpaRepositories declared on JpaRepositoriesRegistrar.EnableJpaRepositoriesConfiguration: Cannot resolve reference to bean 'jpaSharedEM_entityManagerFactory' while setting bean property 'entityManager'
[2m2026-03-03T22:58:10.213+01:00[0;39m [32m INFO[0;39m [35m118167[0;39m [2m---[0;39m [2m[cscm-backend] [  restartedMain][0;39m [2m[0;39m[36mo.apache.catalina.core.StandardService  [0;39m [2m:[0;39m Stopping service [Tomcat]
[2m2026-03-03T22:58:10.217+01:00[0;39m [33m WARN[0;39m [35m118167[0;39m [2m---[0;39m [2m[cscm-backend] [  restartedMain][0;39m [2m[0;39m[36mo.a.c.loader.WebappClassLoaderBase      [0;39m [2m:[0;39m The web application [api] appears to have started a thread named [HikariPool-2 housekeeper] but has failed to stop it. This is very likely to create a memory leak. Stack trace of thread:
 java.base/jdk.internal.misc.Unsafe.park(Native Method)
 java.base/java.util.concurrent.locks.LockSupport.parkNanos(LockSupport.java:269)
 java.base/java.util.concurrent.locks.AbstractQueuedSynchronizer$ConditionObject.awaitNanos(AbstractQueuedSynchronizer.java:1763)
 java.base/java.util.concurrent.ScheduledThreadPoolExecutor$DelayedWorkQueue.take(ScheduledThreadPoolExecutor.java:1182)
 java.base/java.util.concurrent.ScheduledThreadPoolExecutor$DelayedWorkQueue.take(ScheduledThreadPoolExecutor.java:899)
 java.base/java.util.concurrent.ThreadPoolExecutor.getTask(ThreadPoolExecutor.java:1070)
 java.base/java.util.concurrent.ThreadPoolExecutor.runWorker(ThreadPoolExecutor.java:1130)
 java.base/java.util.concurrent.ThreadPoolExecutor$Worker.run(ThreadPoolExecutor.java:642)
 java.base/java.lang.Thread.run(Thread.java:1575)
[2m2026-03-03T22:58:10.220+01:00[0;39m [33m WARN[0;39m [35m118167[0;39m [2m---[0;39m [2m[cscm-backend] [  restartedMain][0;39m [2m[0;39m[36mo.a.c.loader.WebappClassLoaderBase      [0;39m [2m:[0;39m The web application [api] appears to have started a thread named [HikariPool-2 connection adder] but has failed to stop it. This is very likely to create a memory leak. Stack trace of thread:
 java.base/sun.security.provider.SHA2.implCompress0(SHA2.java:193)
 java.base/sun.security.provider.SHA2.implCompress(SHA2.java:135)
 java.base/sun.security.provider.DigestBase.implCompressMultiBlock0(DigestBase.java:149)
 java.base/sun.security.provider.DigestBase.implCompressMultiBlock(DigestBase.java:143)
 java.base/sun.security.provider.DigestBase.engineUpdate(DigestBase.java:130)
 java.base/java.security.MessageDigest$Delegate.engineUpdate(MessageDigest.java:655)
 java.base/java.security.MessageDigest.update(MessageDigest.java:357)
 java.base/com.sun.crypto.provider.HmacCore.engineUpdate(HmacCore.java:193)
 java.base/javax.crypto.Mac.update(Mac.java:503)
 java.base/com.sun.crypto.provider.PBKDF2KeyImpl.deriveKey(PBKDF2KeyImpl.java:200)
 java.base/com.sun.crypto.provider.PBKDF2KeyImpl.<init>(PBKDF2KeyImpl.java:115)
 java.base/com.sun.crypto.provider.PBKDF2Core.engineGenerateSecret(PBKDF2Core.java:68)
 java.base/javax.crypto.SecretKeyFactory.generateSecret(SecretKeyFactory.java:337)
 org.postgresql.shaded.com.ongres.scram.common.util.CryptoUtil.hi(CryptoUtil.java:120)
 org.postgresql.shaded.com.ongres.scram.common.ScramMechanisms.saltedPassword(ScramMechanisms.java:154)
 org.postgresql.shaded.com.ongres.scram.common.ScramFunctions.saltedPassword(ScramFunctions.java:59)
 org.postgresql.shaded.com.ongres.scram.client.ScramSession$ClientFinalProcessor.<init>(ScramSession.java:196)
 org.postgresql.shaded.com.ongres.scram.client.ScramSession$ClientFinalProcessor.<init>(ScramSession.java:163)
 org.postgresql.shaded.com.ongres.scram.client.ScramSession$ServerFirstProcessor.clientFinalProcessor(ScramSession.java:130)
 org.postgresql.jre7.sasl.ScramAuthenticator.processServerFirstMessage(ScramAuthenticator.java:147)
 org.postgresql.core.v3.ConnectionFactoryImpl.doAuthentication(ConnectionFactoryImpl.java:863)
 org.postgresql.core.v3.ConnectionFactoryImpl.tryConnect(ConnectionFactoryImpl.java:203)
 org.postgresql.core.v3.ConnectionFactoryImpl.openConnectionImpl(ConnectionFactoryImpl.java:258)
 org.postgresql.core.ConnectionFactory.openConnection(ConnectionFactory.java:54)
 org.postgresql.jdbc.PgConnection.<init>(PgConnection.java:263)
 org.postgresql.Driver.makeConnection(Driver.java:443)
 org.postgresql.Driver.connect(Driver.java:297)
 com.zaxxer.hikari.util.DriverDataSource.getConnection(DriverDataSource.java:138)
 com.zaxxer.hikari.pool.PoolBase.newConnection(PoolBase.java:359)
 com.zaxxer.hikari.pool.PoolBase.newPoolEntry(PoolBase.java:201)
 com.zaxxer.hikari.pool.HikariPool.createPoolEntry(HikariPool.java:470)
 com.zaxxer.hikari.pool.HikariPool$PoolEntryCreator.call(HikariPool.java:733)
 com.zaxxer.hikari.pool.HikariPool$PoolEntryCreator.call(HikariPool.java:712)
 java.base/java.util.concurrent.FutureTask.run(FutureTask.java:317)
 java.base/java.util.concurrent.ThreadPoolExecutor.runWorker(ThreadPoolExecutor.java:1144)
 java.base/java.util.concurrent.ThreadPoolExecutor$Worker.run(ThreadPoolExecutor.java:642)
 java.base/java.lang.Thread.run(Thread.java:1575)
[2m2026-03-03T22:58:10.222+01:00[0;39m [33m WARN[0;39m [35m118167[0;39m [2m---[0;39m [2m[cscm-backend] [  restartedMain][0;39m [2m[0;39m[36mConfigServletWebServerApplicationContext[0;39m [2m:[0;39m Exception encountered during context initialization - cancelling refresh attempt: org.springframework.context.ApplicationContextException: Unable to start web server
[2m2026-03-03T22:58:10.222+01:00[0;39m [32m INFO[0;39m [35m118167[0;39m [2m---[0;39m [2m[cscm-backend] [  restartedMain][0;39m [2m[0;39m[36mcom.zaxxer.hikari.HikariDataSource      [0;39m [2m:[0;39m HikariPool-2 - Shutdown initiated...
[2m2026-03-03T22:58:10.257+01:00[0;39m [32m INFO[0;39m [35m118167[0;39m [2m---[0;39m [2m[cscm-backend] [  restartedMain][0;39m [2m[0;39m[36mcom.zaxxer.hikari.HikariDataSource      [0;39m [2m:[0;39m HikariPool-2 - Shutdown completed.
[2m2026-03-03T22:58:10.297+01:00[0;39m [32m INFO[0;39m [35m118167[0;39m [2m---[0;39m [2m[cscm-backend] [  restartedMain][0;39m [2m[0;39m[36m.s.b.a.l.ConditionEvaluationReportLogger[0;39m [2m:[0;39m 

Error starting ApplicationContext. To display the condition evaluation report re-run your application with 'debug' enabled.
[2m2026-03-03T22:58:10.351+01:00[0;39m [31mERROR[0;39m [35m118167[0;39m [2m---[0;39m [2m[cscm-backend] [  restartedMain][0;39m [2m[0;39m[36mo.s.boot.SpringApplication              [0;39m [2m:[0;39m Application run failed

org.springframework.context.ApplicationContextException: Unable to start web server
	at org.springframework.boot.web.servlet.context.ServletWebServerApplicationContext.onRefresh(ServletWebServerApplicationContext.java:165) ~[spring-boot-3.2.3.jar:3.2.3]
	at org.springframework.context.support.AbstractApplicationContext.refresh(AbstractApplicationContext.java:618) ~[spring-context-6.1.4.jar:6.1.4]
	at org.springframework.boot.web.servlet.context.ServletWebServerApplicationContext.refresh(ServletWebServerApplicationContext.java:146) ~[spring-boot-3.2.3.jar:3.2.3]
	at org.springframework.boot.SpringApplication.refresh(SpringApplication.java:754) ~[spring-boot-3.2.3.jar:3.2.3]
	at org.springframework.boot.SpringApplication.refreshContext(SpringApplication.java:456) ~[spring-boot-3.2.3.jar:3.2.3]
	at org.springframework.boot.SpringApplication.run(SpringApplication.java:334) ~[spring-boot-3.2.3.jar:3.2.3]
	at org.springframework.boot.SpringApplication.run(SpringApplication.java:1354) ~[spring-boot-3.2.3.jar:3.2.3]
	at org.springframework.boot.SpringApplication.run(SpringApplication.java:1343) ~[spring-boot-3.2.3.jar:3.2.3]
	at com.cscm.backend.CscmBackendApplication.main(CscmBackendApplication.java:14) ~[classes/:na]
	at java.base/jdk.internal.reflect.DirectMethodHandleAccessor.invoke(DirectMethodHandleAccessor.java:103) ~[na:na]
	at java.base/java.lang.reflect.Method.invoke(Method.java:580) ~[na:na]
	at org.springframework.boot.devtools.restart.RestartLauncher.run(RestartLauncher.java:50) ~[spring-boot-devtools-3.2.3.jar:3.2.3]
Caused by: org.springframework.boot.web.server.WebServerException: Unable to start embedded Tomcat
	at org.springframework.boot.web.embedded.tomcat.TomcatWebServer.initialize(TomcatWebServer.java:145) ~[spring-boot-3.2.3.jar:3.2.3]
	at org.springframework.boot.web.embedded.tomcat.TomcatWebServer.<init>(TomcatWebServer.java:105) ~[spring-boot-3.2.3.jar:3.2.3]
	at org.springframework.boot.web.embedded.tomcat.TomcatServletWebServerFactory.getTomcatWebServer(TomcatServletWebServerFactory.java:499) ~[spring-boot-3.2.3.jar:3.2.3]
	at org.springframework.boot.web.embedded.tomcat.TomcatServletWebServerFactory.getWebServer(TomcatServletWebServerFactory.java:218) ~[spring-boot-3.2.3.jar:3.2.3]
	at org.springframework.boot.web.servlet.context.ServletWebServerApplicationContext.createWebServer(ServletWebServerApplicationContext.java:188) ~[spring-boot-3.2.3.jar:3.2.3]
	at org.springframework.boot.web.servlet.context.ServletWebServerApplicationContext.onRefresh(ServletWebServerApplicationContext.java:162) ~[spring-boot-3.2.3.jar:3.2.3]
	... 11 common frames omitted
Caused by: org.springframework.beans.factory.UnsatisfiedDependencyException: Error creating bean with name 'jwtAuthFilter' defined in file [/home/bala/CSCM_PROJECT/backend/target/classes/com/cscm/backend/security/JwtAuthFilter.class]: Unsatisfied dependency expressed through constructor parameter 1: Error creating bean with name 'customUserDetailsService' defined in file [/home/bala/CSCM_PROJECT/backend/target/classes/com/cscm/backend/security/CustomUserDetailsService.class]: Unsatisfied dependency expressed through constructor parameter 0: Error creating bean with name 'userRepository' defined in com.cscm.backend.repository.UserRepository defined in @EnableJpaRepositories declared on JpaRepositoriesRegistrar.EnableJpaRepositoriesConfiguration: Cannot resolve reference to bean 'jpaSharedEM_entityManagerFactory' while setting bean property 'entityManager'
	at org.springframework.beans.factory.support.ConstructorResolver.createArgumentArray(ConstructorResolver.java:798) ~[spring-beans-6.1.4.jar:6.1.4]
	at org.springframework.beans.factory.support.ConstructorResolver.autowireConstructor(ConstructorResolver.java:237) ~[spring-beans-6.1.4.jar:6.1.4]
	at org.springframework.beans.factory.support.AbstractAutowireCapableBeanFactory.autowireConstructor(AbstractAutowireCapableBeanFactory.java:1355) ~[spring-beans-6.1.4.jar:6.1.4]
	at org.springframework.beans.factory.support.AbstractAutowireCapableBeanFactory.createBeanInstance(AbstractAutowireCapableBeanFactory.java:1192) ~[spring-beans-6.1.4.jar:6.1.4]
	at org.springframework.beans.factory.support.AbstractAutowireCapableBeanFactory.doCreateBean(AbstractAutowireCapableBeanFactory.java:562) ~[spring-beans-6.1.4.jar:6.1.4]
	at org.springframework.beans.factory.support.AbstractAutowireCapableBeanFactory.createBean(AbstractAutowireCapableBeanFactory.java:522) ~[spring-beans-6.1.4.jar:6.1.4]
	at org.springframework.beans.factory.support.AbstractBeanFactory.lambda$doGetBean$0(AbstractBeanFactory.java:325) ~[spring-beans-6.1.4.jar:6.1.4]
	at org.springframework.beans.factory.support.DefaultSingletonBeanRegistry.getSingleton(DefaultSingletonBeanRegistry.java:234) ~[spring-beans-6.1.4.jar:6.1.4]
	at org.springframework.beans.factory.support.AbstractBeanFactory.doGetBean(AbstractBeanFactory.java:323) ~[spring-beans-6.1.4.jar:6.1.4]
	at org.springframework.beans.factory.support.AbstractBeanFactory.getBean(AbstractBeanFactory.java:204) ~[spring-beans-6.1.4.jar:6.1.4]
	at org.springframework.boot.web.servlet.ServletContextInitializerBeans.getOrderedBeansOfType(ServletContextInitializerBeans.java:210) ~[spring-boot-3.2.3.jar:3.2.3]
	at org.springframework.boot.web.servlet.ServletContextInitializerBeans.addAsRegistrationBean(ServletContextInitializerBeans.java:173) ~[spring-boot-3.2.3.jar:3.2.3]
	at org.springframework.boot.web.servlet.ServletContextInitializerBeans.addAsRegistrationBean(ServletContextInitializerBeans.java:168) ~[spring-boot-3.2.3.jar:3.2.3]
	at org.springframework.boot.web.servlet.ServletContextInitializerBeans.addAdaptableBeans(ServletContextInitializerBeans.java:153) ~[spring-boot-3.2.3.jar:3.2.3]
	at org.springframework.boot.web.servlet.ServletContextInitializerBeans.<init>(ServletContextInitializerBeans.java:86) ~[spring-boot-3.2.3.jar:3.2.3]
	at org.springframework.boot.web.servlet.context.ServletWebServerApplicationContext.getServletContextInitializerBeans(ServletWebServerApplicationContext.java:266) ~[spring-boot-3.2.3.jar:3.2.3]
	at org.springframework.boot.web.servlet.context.ServletWebServerApplicationContext.selfInitialize(ServletWebServerApplicationContext.java:240) ~[spring-boot-3.2.3.jar:3.2.3]
	at org.springframework.boot.web.embedded.tomcat.TomcatStarter.onStartup(TomcatStarter.java:52) ~[spring-boot-3.2.3.jar:3.2.3]
	at org.apache.catalina.core.StandardContext.startInternal(StandardContext.java:4866) ~[tomcat-embed-core-10.1.19.jar:10.1.19]
	at org.apache.catalina.util.LifecycleBase.start(LifecycleBase.java:171) ~[tomcat-embed-core-10.1.19.jar:10.1.19]
	at org.apache.catalina.core.ContainerBase$StartChild.call(ContainerBase.java:1332) ~[tomcat-embed-core-10.1.19.jar:10.1.19]
	at org.apache.catalina.core.ContainerBase$StartChild.call(ContainerBase.java:1322) ~[tomcat-embed-core-10.1.19.jar:10.1.19]
	at java.base/java.util.concurrent.FutureTask.run(FutureTask.java:317) ~[na:na]
	at org.apache.tomcat.util.threads.InlineExecutorService.execute(InlineExecutorService.java:75) ~[tomcat-embed-core-10.1.19.jar:10.1.19]
	at java.base/java.util.concurrent.AbstractExecutorService.submit(AbstractExecutorService.java:148) ~[na:na]
	at org.apache.catalina.core.ContainerBase.startInternal(ContainerBase.java:866) ~[tomcat-embed-core-10.1.19.jar:10.1.19]
	at org.apache.catalina.core.StandardHost.startInternal(StandardHost.java:845) ~[tomcat-embed-core-10.1.19.jar:10.1.19]
	at org.apache.catalina.util.LifecycleBase.start(LifecycleBase.java:171) ~[tomcat-embed-core-10.1.19.jar:10.1.19]
	at org.apache.catalina.core.ContainerBase$StartChild.call(ContainerBase.java:1332) ~[tomcat-embed-core-10.1.19.jar:10.1.19]
	at org.apache.catalina.core.ContainerBase$StartChild.call(ContainerBase.java:1322) ~[tomcat-embed-core-10.1.19.jar:10.1.19]
	at java.base/java.util.concurrent.FutureTask.run(FutureTask.java:317) ~[na:na]
	at org.apache.tomcat.util.threads.InlineExecutorService.execute(InlineExecutorService.java:75) ~[tomcat-embed-core-10.1.19.jar:10.1.19]
	at java.base/java.util.concurrent.AbstractExecutorService.submit(AbstractExecutorService.java:148) ~[na:na]
	at org.apache.catalina.core.ContainerBase.startInternal(ContainerBase.java:866) ~[tomcat-embed-core-10.1.19.jar:10.1.19]
	at org.apache.catalina.core.StandardEngine.startInternal(StandardEngine.java:240) ~[tomcat-embed-core-10.1.19.jar:10.1.19]
	at org.apache.catalina.util.LifecycleBase.start(LifecycleBase.java:171) ~[tomcat-embed-core-10.1.19.jar:10.1.19]
	at org.apache.catalina.core.StandardService.startInternal(StandardService.java:433) ~[tomcat-embed-core-10.1.19.jar:10.1.19]
	at org.apache.catalina.util.LifecycleBase.start(LifecycleBase.java:171) ~[tomcat-embed-core-10.1.19.jar:10.1.19]
	at org.apache.catalina.core.StandardServer.startInternal(StandardServer.java:921) ~[tomcat-embed-core-10.1.19.jar:10.1.19]
	at org.apache.catalina.util.LifecycleBase.start(LifecycleBase.java:171) ~[tomcat-embed-core-10.1.19.jar:10.1.19]
	at org.apache.catalina.startup.Tomcat.start(Tomcat.java:437) ~[tomcat-embed-core-10.1.19.jar:10.1.19]
	at org.springframework.boot.web.embedded.tomcat.TomcatWebServer.initialize(TomcatWebServer.java:126) ~[spring-boot-3.2.3.jar:3.2.3]
	... 16 common frames omitted
Caused by: org.springframework.beans.factory.UnsatisfiedDependencyException: Error creating bean with name 'customUserDetailsService' defined in file [/home/bala/CSCM_PROJECT/backend/target/classes/com/cscm/backend/security/CustomUserDetailsService.class]: Unsatisfied dependency expressed through constructor parameter 0: Error creating bean with name 'userRepository' defined in com.cscm.backend.repository.UserRepository defined in @EnableJpaRepositories declared on JpaRepositoriesRegistrar.EnableJpaRepositoriesConfiguration: Cannot resolve reference to bean 'jpaSharedEM_entityManagerFactory' while setting bean property 'entityManager'
	at org.springframework.beans.factory.support.ConstructorResolver.createArgumentArray(ConstructorResolver.java:798) ~[spring-beans-6.1.4.jar:6.1.4]
	at org.springframework.beans.factory.support.ConstructorResolver.autowireConstructor(ConstructorResolver.java:237) ~[spring-beans-6.1.4.jar:6.1.4]
	at org.springframework.beans.factory.support.AbstractAutowireCapableBeanFactory.autowireConstructor(AbstractAutowireCapableBeanFactory.java:1355) ~[spring-beans-6.1.4.jar:6.1.4]
	at org.springframework.beans.factory.support.AbstractAutowireCapableBeanFactory.createBeanInstance(AbstractAutowireCapableBeanFactory.java:1192) ~[spring-beans-6.1.4.jar:6.1.4]
	at org.springframework.beans.factory.support.AbstractAutowireCapableBeanFactory.doCreateBean(AbstractAutowireCapableBeanFactory.java:562) ~[spring-beans-6.1.4.jar:6.1.4]
	at org.springframework.beans.factory.support.AbstractAutowireCapableBeanFactory.createBean(AbstractAutowireCapableBeanFactory.java:522) ~[spring-beans-6.1.4.jar:6.1.4]
	at org.springframework.beans.factory.support.AbstractBeanFactory.lambda$doGetBean$0(AbstractBeanFactory.java:325) ~[spring-beans-6.1.4.jar:6.1.4]
	at org.springframework.beans.factory.support.DefaultSingletonBeanRegistry.getSingleton(DefaultSingletonBeanRegistry.java:234) ~[spring-beans-6.1.4.jar:6.1.4]
	at org.springframework.beans.factory.support.AbstractBeanFactory.doGetBean(AbstractBeanFactory.java:323) ~[spring-beans-6.1.4.jar:6.1.4]
	at org.springframework.beans.factory.support.AbstractBeanFactory.getBean(AbstractBeanFactory.java:199) ~[spring-beans-6.1.4.jar:6.1.4]
	at org.springframework.beans.factory.config.DependencyDescriptor.resolveCandidate(DependencyDescriptor.java:254) ~[spring-beans-6.1.4.jar:6.1.4]
	at org.springframework.beans.factory.support.DefaultListableBeanFactory.doResolveDependency(DefaultListableBeanFactory.java:1443) ~[spring-beans-6.1.4.jar:6.1.4]
	at org.springframework.beans.factory.support.DefaultListableBeanFactory.resolveDependency(DefaultListableBeanFactory.java:1353) ~[spring-beans-6.1.4.jar:6.1.4]
	at org.springframework.beans.factory.support.ConstructorResolver.resolveAutowiredArgument(ConstructorResolver.java:907) ~[spring-beans-6.1.4.jar:6.1.4]
	at org.springframework.beans.factory.support.ConstructorResolver.createArgumentArray(ConstructorResolver.java:785) ~[spring-beans-6.1.4.jar:6.1.4]
	... 57 common frames omitted
Caused by: org.springframework.beans.factory.BeanCreationException: Error creating bean with name 'userRepository' defined in com.cscm.backend.repository.UserRepository defined in @EnableJpaRepositories declared on JpaRepositoriesRegistrar.EnableJpaRepositoriesConfiguration: Cannot resolve reference to bean 'jpaSharedEM_entityManagerFactory' while setting bean property 'entityManager'
	at org.springframework.beans.factory.support.BeanDefinitionValueResolver.resolveReference(BeanDefinitionValueResolver.java:377) ~[spring-beans-6.1.4.jar:6.1.4]
	at org.springframework.beans.factory.support.BeanDefinitionValueResolver.resolveValueIfNecessary(BeanDefinitionValueResolver.java:135) ~[spring-beans-6.1.4.jar:6.1.4]
	at org.springframework.beans.factory.support.AbstractAutowireCapableBeanFactory.applyPropertyValues(AbstractAutowireCapableBeanFactory.java:1685) ~[spring-beans-6.1.4.jar:6.1.4]
	at org.springframework.beans.factory.support.AbstractAutowireCapableBeanFactory.populateBean(AbstractAutowireCapableBeanFactory.java:1434) ~[spring-beans-6.1.4.jar:6.1.4]
	at org.springframework.beans.factory.support.AbstractAutowireCapableBeanFactory.doCreateBean(AbstractAutowireCapableBeanFactory.java:599) ~[spring-beans-6.1.4.jar:6.1.4]
	at org.springframework.beans.factory.support.AbstractAutowireCapableBeanFactory.createBean(AbstractAutowireCapableBeanFactory.java:522) ~[spring-beans-6.1.4.jar:6.1.4]
	at org.springframework.beans.factory.support.AbstractBeanFactory.lambda$doGetBean$0(AbstractBeanFactory.java:325) ~[spring-beans-6.1.4.jar:6.1.4]
	at org.springframework.beans.factory.support.DefaultSingletonBeanRegistry.getSingleton(DefaultSingletonBeanRegistry.java:234) ~[spring-beans-6.1.4.jar:6.1.4]
	at org.springframework.beans.factory.support.AbstractBeanFactory.doGetBean(AbstractBeanFactory.java:323) ~[spring-beans-6.1.4.jar:6.1.4]
	at org.springframework.beans.factory.support.AbstractBeanFactory.getBean(AbstractBeanFactory.java:199) ~[spring-beans-6.1.4.jar:6.1.4]
	at org.springframework.beans.factory.config.DependencyDescriptor.resolveCandidate(DependencyDescriptor.java:254) ~[spring-beans-6.1.4.jar:6.1.4]
	at org.springframework.beans.factory.support.DefaultListableBeanFactory.doResolveDependency(DefaultListableBeanFactory.java:1443) ~[spring-beans-6.1.4.jar:6.1.4]
	at org.springframework.beans.factory.support.DefaultListableBeanFactory.resolveDependency(DefaultListableBeanFactory.java:1353) ~[spring-beans-6.1.4.jar:6.1.4]
	at org.springframework.beans.factory.support.ConstructorResolver.resolveAutowiredArgument(ConstructorResolver.java:907) ~[spring-beans-6.1.4.jar:6.1.4]
	at org.springframework.beans.factory.support.ConstructorResolver.createArgumentArray(ConstructorResolver.java:785) ~[spring-beans-6.1.4.jar:6.1.4]
	... 71 common frames omitted
Caused by: org.springframework.beans.factory.BeanCreationException: Error creating bean with name 'jpaSharedEM_entityManagerFactory': Cannot resolve reference to bean 'entityManagerFactory' while setting constructor argument
	at org.springframework.beans.factory.support.BeanDefinitionValueResolver.resolveReference(BeanDefinitionValueResolver.java:377) ~[spring-beans-6.1.4.jar:6.1.4]
	at org.springframework.beans.factory.support.BeanDefinitionValueResolver.resolveValueIfNecessary(BeanDefinitionValueResolver.java:135) ~[spring-beans-6.1.4.jar:6.1.4]
	at org.springframework.beans.factory.support.ConstructorResolver.resolveConstructorArguments(ConstructorResolver.java:685) ~[spring-beans-6.1.4.jar:6.1.4]
	at org.springframework.beans.factory.support.ConstructorResolver.instantiateUsingFactoryMethod(ConstructorResolver.java:509) ~[spring-beans-6.1.4.jar:6.1.4]
	at org.springframework.beans.factory.support.AbstractAutowireCapableBeanFactory.instantiateUsingFactoryMethod(AbstractAutowireCapableBeanFactory.java:1335) ~[spring-beans-6.1.4.jar:6.1.4]
	at org.springframework.beans.factory.support.AbstractAutowireCapableBeanFactory.createBeanInstance(AbstractAutowireCapableBeanFactory.java:1165) ~[spring-beans-6.1.4.jar:6.1.4]
	at org.springframework.beans.factory.support.AbstractAutowireCapableBeanFactory.doCreateBean(AbstractAutowireCapableBeanFactory.java:562) ~[spring-beans-6.1.4.jar:6.1.4]
	at org.springframework.beans.factory.support.AbstractAutowireCapableBeanFactory.createBean(AbstractAutowireCapableBeanFactory.java:522) ~[spring-beans-6.1.4.jar:6.1.4]
	at org.springframework.beans.factory.support.AbstractBeanFactory.lambda$doGetBean$0(AbstractBeanFactory.java:325) ~[spring-beans-6.1.4.jar:6.1.4]
	at org.springframework.beans.factory.support.DefaultSingletonBeanRegistry.getSingleton(DefaultSingletonBeanRegistry.java:234) ~[spring-beans-6.1.4.jar:6.1.4]
	at org.springframework.beans.factory.support.AbstractBeanFactory.doGetBean(AbstractBeanFactory.java:323) ~[spring-beans-6.1.4.jar:6.1.4]
	at org.springframework.beans.factory.support.AbstractBeanFactory.getBean(AbstractBeanFactory.java:199) ~[spring-beans-6.1.4.jar:6.1.4]
	at org.springframework.beans.factory.support.BeanDefinitionValueResolver.resolveReference(BeanDefinitionValueResolver.java:365) ~[spring-beans-6.1.4.jar:6.1.4]
	... 85 common frames omitted
Caused by: org.springframework.beans.factory.BeanCreationException: Error creating bean with name 'flywayInitializer' defined in class path resource [org/springframework/boot/autoconfigure/flyway/FlywayAutoConfiguration$FlywayConfiguration.class]: Migration V4__seed_demo_data.sql failed
---------------------------------------
SQL State  : 42601
Error Code : 0
Message    : ERROR: syntax error at or near "insuffisance"
  Position : 582
Location   : db/migration/V4__seed_demo_data.sql (/home/bala/CSCM_PROJECT/backend/target/classes/db/migration/V4__seed_demo_data.sql)
Line       : 30
Statement  : -- ────────────────────────────────────────────────────────────
-- 2. MEDECINS – Profils professionnels
-- ────────────────────────────────────────────────────────────
INSERT INTO medecins (id, user_id, specialite, numero_ordre, hopital_affiliation,
                      statut, annees_experience, biographie, created_at, updated_at)
VALUES
  ('b2000000-0000-0000-0000-000000000001',
   'b1000000-0000-0000-0000-000000000001',
   'Cardiologie', 'CM-CARD-00145', 'Hôpital Central de Yaoundé',
   'VALIDE', 12,
   'Cardiologue senior spécialisé dans les maladies coronariennes et l'insuffisance cardiaque.',
   NOW(), NOW()),

  ('b2000000-0000-0000-0000-000000000002',
   'b1000000-0000-0000-0000-000000000002',
   'Pédiatrie', 'CM-PED-00289', 'CHU de Douala',
   'VALIDE', 8,
   'Pédiatre expérimentée, spécialisée dans la nutrition infantile et les maladies infectieuses.',
   NOW(), NOW());

-- ────────────────────────────────────────────────────────────
-- 3. USERS – Patients
-- ────────────────────────────────────────────────────────────
INSERT INTO users (id, email, mot_de_passe_hash, role, nom_complet, telephone,
                   email_verifie, telephone_verifie, deux_facteurs, compte_actif,
                   created_at, updated_at)
VALUES
  -- Jean Kamga — mot de passe : DemoPass123!
  ('c1000000-0000-0000-0000-000000000001',
   'jean.kamga@patient.cm',
   '$2a$12$kF8ZMjy8X/3Y6HF.Nqg1luE0EBY.9.9vV2N1r/dh3a5RpNpfKHdDm',
   'PATIENT', 'Jean Kamga', '+237677000001',
   true, false, false, true, NOW(), NOW()),

  -- Marie Ngo — mot de passe : DemoPass123!
  ('c1000000-0000-0000-0000-000000000002',
   'marie.ngo@patient.cm',
   '$2a$12$kF8ZMjy8X/3Y6HF.Nqg1luE0EBY.9.9vV2N1r/dh3a5RpNpfKHdDm',
   'PATIENT', 'Marie Ngo', '+237677000002',
   true, false, false, true, NOW(), NOW());

-- ────────────────────────────────────────────────────────────
-- 4. PATIENTS – Profils (infos médicales générales)
-- ────────────────────────────────────────────────────────────
INSERT INTO patients (id, user_id, date_naissance, sexe, groupe_sanguin,
                      taille_cm, poids_kg, adresse, ville, pays,
                      contact_urgence_nom, contact_urgence_telephone,
                      created_at, updated_at)
VALUES
  ('c2000000-0000-0000-0000-000000000001',
   'c1000000-0000-0000-0000-000000000001',
   '1985-04-12', 'MASCULIN', 'O+',
   178, 82.5, '45 rue de la Paix', 'Yaoundé', 'Cameroun',
   'Jeanne Kamga', '+237677000099',
   NOW(), NOW()),

  ('c2000000-0000-0000-0000-000000000002',
   'c1000000-0000-0000-0000-000000000002',
   '1992-09-23', 'FEMININ', 'A+',
   165, 61.0, '12 avenue Kennedy', 'Douala', 'Cameroun',
   'Paul Ngo', '+237677000098',
   NOW(), NOW());

-- ────────────────────────────────────────────────────────────
-- 5. CARNETS MÉDICAUX
-- ────────────────────────────────────────────────────────────
INSERT INTO carnets_medicaux (id, patient_id, version, statut, abonnement_actif,
                              notes_generales, created_at, updated_at)
VALUES
  ('d1000000-0000-0000-0000-000000000001',
   'c2000000-0000-0000-0000-000000000001',
   1, 'actif', true,
   'Patient hypertendu sous traitement continu. Surveiller la pression artérielle mensuellement.',
   NOW(), NOW()),

  ('d1000000-0000-0000-0000-000000000002',
   'c2000000-0000-0000-0000-000000000002',
   1, 'actif', true,
   'Patiente sans antécédents majeurs. Suivie pour migraines chroniques.',
   NOW(), NOW());

-- ────────────────────────────────────────────────────────────
-- 6. APPROBATIONS – Les patients autorisent leurs médecins
-- ────────────────────────────────────────────────────────────
INSERT INTO approbations_medecins (id, carnet_id, medecin_id, actif,
                                   date_approbation, date_expiration,
                                   peut_creer_consultation, peut_creer_ordonnance,
                                   peut_voir_historique, motif_revocation, created_at, updated_at)
VALUES
  -- Jean autorise Dr. Dupuis
  ('e1000000-0000-0000-0000-000000000001',
   'd1000000-0000-0000-0000-000000000001',
   'b2000000-0000-0000-0000-000000000001',
   true, NOW(), NULL,
   true, true, true, NULL, NOW(), NOW()),

  -- Marie autorise Dr. Nguemo
  ('e1000000-0000-0000-0000-000000000002',
   'd1000000-0000-0000-0000-000000000002',
   'b2000000-0000-0000-0000-000000000002',
   true, NOW(), NULL,
   true, true, true, NULL, NOW(), NOW());

-- ────────────────────────────────────────────────────────────
-- 7. CONSULTATIONS (carnet de Jean – Dr. Dupuis)
-- ────────────────────────────────────────────────────────────
INSERT INTO consultations (id, carnet_id, medecin_id, hopital_id,
                           date_consultation, motif, symptomes, diagnostic,
                           traitement, tension_arterielle, frequence_cardiaque,
                           temperature, poids, notes, statut, created_at, updated_at)
VALUES
  ('f1000000-0000-0000-0000-000000000001',
   'd1000000-0000-0000-0000-000000000001',
   'b2000000-0000-0000-0000-000000000001',
   'a0000000-0000-0000-0000-000000000001',
   '2025-11-10 09:00:00',
   'Contrôle tension artérielle',
   'Maux de tête fréquents, vision légèrement floue',
   'Hypertension artérielle stade 1 confirmée',
   'Amlodipine 5mg/j + régime hyposodé',
   '145/92', 78, 37.1, 82.5,
   'Revoir dans 1 mois. ECG normal.',
   'SOUMIS', NOW(), NOW()),

  ('f1000000-0000-0000-0000-000000000002',
   'd1000000-0000-0000-0000-000000000001',
   'b2000000-0000-0000-0000-000000000001',
   'a0000000-0000-0000-0000-000000000001',
   '2025-12-15 10:30:00',
   'Suivi HTA + douleurs thoraciques occasionnelles',
   'Douleurs thoraciques à l'effort, essouflement modéré',
   'Angor stable possible – bilan complémentaire prescrit',
   'Amlodipine 10mg/j + Bétabloquant + Aspirine 75mg',
   '138/88', 72, 36.9, 81.0,
   'Echo cardiaque demandée. Surveillance renforcée.',
   'SOUMIS', NOW(), NOW()),

  ('f1000000-0000-0000-0000-000000000003',
   'd1000000-0000-0000-0000-000000000001',
   'b2000000-0000-0000-0000-000000000001',
   'a0000000-0000-0000-0000-000000000001',
   '2026-01-20 11:00:00',
   'Résultats écho cardiaque',
   'Résultats rassurants, légère hypertrophie VG',
   'Cardiopathie hypertensive débutante',
   'Traitement maintenu + activité physique adaptée 30min/j',
   '132/85', 70, 36.8, 80.5,
   'Prochain contrôle dans 3 mois.',
   'SOUMIS', NOW(), NOW());

-- Consultation de Marie – Dr. Nguemo
INSERT INTO consultations (id, carnet_id, medecin_id, hopital_id,
                           date_consultation, motif, symptomes, diagnostic,
                           traitement, tension_arterielle, frequence_cardiaque,
                           temperature, poids, notes, statut, created_at, updated_at)
VALUES
  ('f1000000-0000-0000-0000-000000000004',
   'd1000000-0000-0000-0000-000000000002',
   'b2000000-0000-0000-0000-000000000002',
   'a0000000-0000-0000-0000-000000000002',
   '2026-01-05 08:30:00',
   'Migraines récurrentes',
   'Céphalées intenses 2-3x/semaine, photophobie, nausées',
   'Migraine sans aura – syndrome migraneux chronique',
   'Sumatriptan 50mg à la crise + Topiramate 25mg/j en prévention',
   '118/75', 65, 37.0, 61.0,
   'Journal de migraines recommandé. Exclure causes secondaires.',
   'SOUMIS', NOW(), NOW());

-- ────────────────────────────────────────────────────────────
-- 8. ALLERGIES
-- ────────────────────────────────────────────────────────────
INSERT INTO allergies (id, carnet_id, medecin_id, nom_allergene, type_reaction,
                       severite, symptomes, traitement_urgence, actif,
                       date_decouverte, notes, created_at, updated_at)
VALUES
  -- Jean : allergie Pénicilline
  ('g1000000-0000-0000-0000-000000000001',
   'd1000000-0000-0000-0000-000000000001',
   'b2000000-0000-0000-0000-000000000001',
   'Pénicilline', 'MEDICAMENT',
   'SEVERE',
   'Urticaire généralisée, oedème de Quincke',
   'Adrénaline 0.3mg IM + antihistaminiques IV + appel SAMU',
   true, '2018-03-20',
   'Allergie confirmée par test cutané. Éviter tous les béta-lactamines.',
   NOW(), NOW()),

  -- Jean : intolérance Aspirine (modérée)
  ('g1000000-0000-0000-0000-000000000002',
   'd1000000-0000-0000-0000-000000000001',
   'b2000000-0000-0000-0000-000000000001',
   'Aspirine (AAS)', 'MEDICAMENT',
   'MODEREE',
   'Bronchospasme, rhinorrhée',
   'Bronchodilatateur + antihistaminiques',
   true, '2025-12-15',
   'Découverte lors de la prescription. Utiliser paracétamol ou ibuprofène à la place.',
   NOW(), NOW()),

  -- Marie : allergie Arachides
  ('g1000000-0000-0000-0000-000000000003',
   'd1000000-0000-0000-0000-000000000002',
   'b2000000-0000-0000-0000-000000000002',
   'Arachides', 'ALIMENTAIRE',
   'SEVERE',
   'Choc anaphylactique, fermeture de la gorge',
   'Auto-injecteur d''adrénaline (EpiPen) + SAMU',
   true, '2010-06-14',
   'Allergie connue depuis l''enfance. Porte toujours un EpiPen.',
   NOW(), NOW());

-- ────────────────────────────────────────────────────────────
-- 9. ORDONNANCES
-- ────────────────────────────────────────────────────────────
INSERT INTO ordonnances (id, carnet_id, medecin_id, hopital_id,
                         numero_ordonnance, date_prescription, date_expiration,
                         medicaments, instructions_generales, statut,
                         created_at, updated_at)
VALUES
  -- Ordonnance 1 : Jean – HTA (Nov 2025)
  ('h1000000-0000-0000-0000-000000000001',
   'd1000000-0000-0000-0000-000000000001',
   'b2000000-0000-0000-0000-000000000001',
   'a0000000-0000-0000-0000-000000000001',
   'ORD-DEMO-001',
   '2025-11-10', '2026-02-10',
   '[
     {"nom":"Amlodipine","dosage":"5mg","frequence":"1x/jour","duree":"3 mois","instructions":"À prendre le soir au coucher"},
     {"nom":"Régime hyposodé","dosage":"","frequence":"Permanent","duree":"Permanent","instructions":"Sel < 5g/jour"}
   ]',
   'Surveiller la tension chaque semaine. Consulter si > 160/100.',
   'ACTIVE',
   NOW(), NOW()),

  -- Ordonnance 2 : Jean – HTA renforcé (Déc 2025)
  ('h1000000-0000-0000-0000-000000000002',
   'd1000000-0000-0000-0000-000000000001',
   'b2000000-0000-0000-0000-000000000001',
   'a0000000-0000-0000-0000-000000000001',
   'ORD-DEMO-002',
   '2025-12-15', '2026-03-15',
   '[
     {"nom":"Amlodipine","dosage":"10mg","frequence":"1x/jour","duree":"3 mois","instructions":"À prendre le matin"},
     {"nom":"Bisoprolol","dosage":"2.5mg","frequence":"1x/jour","duree":"3 mois","instructions":"Ne pas arrêter brusquement"}
   ]',
   'Urgence si douleur thoracique persistante > 10min. Appeler le 15.',
   'ACTIVE',
   NOW(), NOW()),

  -- Ordonnance 3 : Marie – Migraines (Jan 2026)
  ('h1000000-0000-0000-0000-000000000003',
   'd1000000-0000-0000-0000-000000000002',
   'b2000000-0000-0000-0000-000000000002',
   'a0000000-0000-0000-0000-000000000002',
   'ORD-DEMO-003',
   '2026-01-05', '2026-04-05',
   '[
     {"nom":"Sumatriptan","dosage":"50mg","frequence":"À la crise (max 2x/j)","duree":"Selon besoin","instructions":"Prendre dès les premiers symptômes"},
     {"nom":"Topiramate","dosage":"25mg","frequence":"1x/jour le soir","duree":"3 mois","instructions":"Augmentation progressive de la dose selon tolérance"}
   ]',
   'Tenir un journal des crises. Revoir si > 4 crises/mois.',
   'ACTIVE',
   NOW(), NOW());

	at org.springframework.beans.factory.support.AbstractAutowireCapableBeanFactory.initializeBean(AbstractAutowireCapableBeanFactory.java:1786) ~[spring-beans-6.1.4.jar:6.1.4]
	at org.springframework.beans.factory.support.AbstractAutowireCapableBeanFactory.doCreateBean(AbstractAutowireCapableBeanFactory.java:600) ~[spring-beans-6.1.4.jar:6.1.4]
	at org.springframework.beans.factory.support.AbstractAutowireCapableBeanFactory.createBean(AbstractAutowireCapableBeanFactory.java:522) ~[spring-beans-6.1.4.jar:6.1.4]
	at org.springframework.beans.factory.support.AbstractBeanFactory.lambda$doGetBean$0(AbstractBeanFactory.java:325) ~[spring-beans-6.1.4.jar:6.1.4]
	at org.springframework.beans.factory.support.DefaultSingletonBeanRegistry.getSingleton(DefaultSingletonBeanRegistry.java:234) ~[spring-beans-6.1.4.jar:6.1.4]
	at org.springframework.beans.factory.support.AbstractBeanFactory.doGetBean(AbstractBeanFactory.java:323) ~[spring-beans-6.1.4.jar:6.1.4]
	at org.springframework.beans.factory.support.AbstractBeanFactory.getBean(AbstractBeanFactory.java:199) ~[spring-beans-6.1.4.jar:6.1.4]
	at org.springframework.beans.factory.support.AbstractBeanFactory.doGetBean(AbstractBeanFactory.java:312) ~[spring-beans-6.1.4.jar:6.1.4]
	at org.springframework.beans.factory.support.AbstractBeanFactory.getBean(AbstractBeanFactory.java:199) ~[spring-beans-6.1.4.jar:6.1.4]
	at org.springframework.beans.factory.support.BeanDefinitionValueResolver.resolveReference(BeanDefinitionValueResolver.java:365) ~[spring-beans-6.1.4.jar:6.1.4]
	... 97 common frames omitted
Caused by: org.flywaydb.core.internal.command.DbMigrate$FlywayMigrateException: Migration V4__seed_demo_data.sql failed
---------------------------------------
SQL State  : 42601
Error Code : 0
Message    : ERROR: syntax error at or near "insuffisance"
  Position : 582
Location   : db/migration/V4__seed_demo_data.sql (/home/bala/CSCM_PROJECT/backend/target/classes/db/migration/V4__seed_demo_data.sql)
Line       : 30
Statement  : -- ────────────────────────────────────────────────────────────
-- 2. MEDECINS – Profils professionnels
-- ────────────────────────────────────────────────────────────
INSERT INTO medecins (id, user_id, specialite, numero_ordre, hopital_affiliation,
                      statut, annees_experience, biographie, created_at, updated_at)
VALUES
  ('b2000000-0000-0000-0000-000000000001',
   'b1000000-0000-0000-0000-000000000001',
   'Cardiologie', 'CM-CARD-00145', 'Hôpital Central de Yaoundé',
   'VALIDE', 12,
   'Cardiologue senior spécialisé dans les maladies coronariennes et l'insuffisance cardiaque.',
   NOW(), NOW()),

  ('b2000000-0000-0000-0000-000000000002',
   'b1000000-0000-0000-0000-000000000002',
   'Pédiatrie', 'CM-PED-00289', 'CHU de Douala',
   'VALIDE', 8,
   'Pédiatre expérimentée, spécialisée dans la nutrition infantile et les maladies infectieuses.',
   NOW(), NOW());

-- ────────────────────────────────────────────────────────────
-- 3. USERS – Patients
-- ────────────────────────────────────────────────────────────
INSERT INTO users (id, email, mot_de_passe_hash, role, nom_complet, telephone,
                   email_verifie, telephone_verifie, deux_facteurs, compte_actif,
                   created_at, updated_at)
VALUES
  -- Jean Kamga — mot de passe : DemoPass123!
  ('c1000000-0000-0000-0000-000000000001',
   'jean.kamga@patient.cm',
   '$2a$12$kF8ZMjy8X/3Y6HF.Nqg1luE0EBY.9.9vV2N1r/dh3a5RpNpfKHdDm',
   'PATIENT', 'Jean Kamga', '+237677000001',
   true, false, false, true, NOW(), NOW()),

  -- Marie Ngo — mot de passe : DemoPass123!
  ('c1000000-0000-0000-0000-000000000002',
   'marie.ngo@patient.cm',
   '$2a$12$kF8ZMjy8X/3Y6HF.Nqg1luE0EBY.9.9vV2N1r/dh3a5RpNpfKHdDm',
   'PATIENT', 'Marie Ngo', '+237677000002',
   true, false, false, true, NOW(), NOW());

-- ────────────────────────────────────────────────────────────
-- 4. PATIENTS – Profils (infos médicales générales)
-- ────────────────────────────────────────────────────────────
INSERT INTO patients (id, user_id, date_naissance, sexe, groupe_sanguin,
                      taille_cm, poids_kg, adresse, ville, pays,
                      contact_urgence_nom, contact_urgence_telephone,
                      created_at, updated_at)
VALUES
  ('c2000000-0000-0000-0000-000000000001',
   'c1000000-0000-0000-0000-000000000001',
   '1985-04-12', 'MASCULIN', 'O+',
   178, 82.5, '45 rue de la Paix', 'Yaoundé', 'Cameroun',
   'Jeanne Kamga', '+237677000099',
   NOW(), NOW()),

  ('c2000000-0000-0000-0000-000000000002',
   'c1000000-0000-0000-0000-000000000002',
   '1992-09-23', 'FEMININ', 'A+',
   165, 61.0, '12 avenue Kennedy', 'Douala', 'Cameroun',
   'Paul Ngo', '+237677000098',
   NOW(), NOW());

-- ────────────────────────────────────────────────────────────
-- 5. CARNETS MÉDICAUX
-- ────────────────────────────────────────────────────────────
INSERT INTO carnets_medicaux (id, patient_id, version, statut, abonnement_actif,
                              notes_generales, created_at, updated_at)
VALUES
  ('d1000000-0000-0000-0000-000000000001',
   'c2000000-0000-0000-0000-000000000001',
   1, 'actif', true,
   'Patient hypertendu sous traitement continu. Surveiller la pression artérielle mensuellement.',
   NOW(), NOW()),

  ('d1000000-0000-0000-0000-000000000002',
   'c2000000-0000-0000-0000-000000000002',
   1, 'actif', true,
   'Patiente sans antécédents majeurs. Suivie pour migraines chroniques.',
   NOW(), NOW());

-- ────────────────────────────────────────────────────────────
-- 6. APPROBATIONS – Les patients autorisent leurs médecins
-- ────────────────────────────────────────────────────────────
INSERT INTO approbations_medecins (id, carnet_id, medecin_id, actif,
                                   date_approbation, date_expiration,
                                   peut_creer_consultation, peut_creer_ordonnance,
                                   peut_voir_historique, motif_revocation, created_at, updated_at)
VALUES
  -- Jean autorise Dr. Dupuis
  ('e1000000-0000-0000-0000-000000000001',
   'd1000000-0000-0000-0000-000000000001',
   'b2000000-0000-0000-0000-000000000001',
   true, NOW(), NULL,
   true, true, true, NULL, NOW(), NOW()),

  -- Marie autorise Dr. Nguemo
  ('e1000000-0000-0000-0000-000000000002',
   'd1000000-0000-0000-0000-000000000002',
   'b2000000-0000-0000-0000-000000000002',
   true, NOW(), NULL,
   true, true, true, NULL, NOW(), NOW());

-- ────────────────────────────────────────────────────────────
-- 7. CONSULTATIONS (carnet de Jean – Dr. Dupuis)
-- ────────────────────────────────────────────────────────────
INSERT INTO consultations (id, carnet_id, medecin_id, hopital_id,
                           date_consultation, motif, symptomes, diagnostic,
                           traitement, tension_arterielle, frequence_cardiaque,
                           temperature, poids, notes, statut, created_at, updated_at)
VALUES
  ('f1000000-0000-0000-0000-000000000001',
   'd1000000-0000-0000-0000-000000000001',
   'b2000000-0000-0000-0000-000000000001',
   'a0000000-0000-0000-0000-000000000001',
   '2025-11-10 09:00:00',
   'Contrôle tension artérielle',
   'Maux de tête fréquents, vision légèrement floue',
   'Hypertension artérielle stade 1 confirmée',
   'Amlodipine 5mg/j + régime hyposodé',
   '145/92', 78, 37.1, 82.5,
   'Revoir dans 1 mois. ECG normal.',
   'SOUMIS', NOW(), NOW()),

  ('f1000000-0000-0000-0000-000000000002',
   'd1000000-0000-0000-0000-000000000001',
   'b2000000-0000-0000-0000-000000000001',
   'a0000000-0000-0000-0000-000000000001',
   '2025-12-15 10:30:00',
   'Suivi HTA + douleurs thoraciques occasionnelles',
   'Douleurs thoraciques à l'effort, essouflement modéré',
   'Angor stable possible – bilan complémentaire prescrit',
   'Amlodipine 10mg/j + Bétabloquant + Aspirine 75mg',
   '138/88', 72, 36.9, 81.0,
   'Echo cardiaque demandée. Surveillance renforcée.',
   'SOUMIS', NOW(), NOW()),

  ('f1000000-0000-0000-0000-000000000003',
   'd1000000-0000-0000-0000-000000000001',
   'b2000000-0000-0000-0000-000000000001',
   'a0000000-0000-0000-0000-000000000001',
   '2026-01-20 11:00:00',
   'Résultats écho cardiaque',
   'Résultats rassurants, légère hypertrophie VG',
   'Cardiopathie hypertensive débutante',
   'Traitement maintenu + activité physique adaptée 30min/j',
   '132/85', 70, 36.8, 80.5,
   'Prochain contrôle dans 3 mois.',
   'SOUMIS', NOW(), NOW());

-- Consultation de Marie – Dr. Nguemo
INSERT INTO consultations (id, carnet_id, medecin_id, hopital_id,
                           date_consultation, motif, symptomes, diagnostic,
                           traitement, tension_arterielle, frequence_cardiaque,
                           temperature, poids, notes, statut, created_at, updated_at)
VALUES
  ('f1000000-0000-0000-0000-000000000004',
   'd1000000-0000-0000-0000-000000000002',
   'b2000000-0000-0000-0000-000000000002',
   'a0000000-0000-0000-0000-000000000002',
   '2026-01-05 08:30:00',
   'Migraines récurrentes',
   'Céphalées intenses 2-3x/semaine, photophobie, nausées',
   'Migraine sans aura – syndrome migraneux chronique',
   'Sumatriptan 50mg à la crise + Topiramate 25mg/j en prévention',
   '118/75', 65, 37.0, 61.0,
   'Journal de migraines recommandé. Exclure causes secondaires.',
   'SOUMIS', NOW(), NOW());

-- ────────────────────────────────────────────────────────────
-- 8. ALLERGIES
-- ────────────────────────────────────────────────────────────
INSERT INTO allergies (id, carnet_id, medecin_id, nom_allergene, type_reaction,
                       severite, symptomes, traitement_urgence, actif,
                       date_decouverte, notes, created_at, updated_at)
VALUES
  -- Jean : allergie Pénicilline
  ('g1000000-0000-0000-0000-000000000001',
   'd1000000-0000-0000-0000-000000000001',
   'b2000000-0000-0000-0000-000000000001',
   'Pénicilline', 'MEDICAMENT',
   'SEVERE',
   'Urticaire généralisée, oedème de Quincke',
   'Adrénaline 0.3mg IM + antihistaminiques IV + appel SAMU',
   true, '2018-03-20',
   'Allergie confirmée par test cutané. Éviter tous les béta-lactamines.',
   NOW(), NOW()),

  -- Jean : intolérance Aspirine (modérée)
  ('g1000000-0000-0000-0000-000000000002',
   'd1000000-0000-0000-0000-000000000001',
   'b2000000-0000-0000-0000-000000000001',
   'Aspirine (AAS)', 'MEDICAMENT',
   'MODEREE',
   'Bronchospasme, rhinorrhée',
   'Bronchodilatateur + antihistaminiques',
   true, '2025-12-15',
   'Découverte lors de la prescription. Utiliser paracétamol ou ibuprofène à la place.',
   NOW(), NOW()),

  -- Marie : allergie Arachides
  ('g1000000-0000-0000-0000-000000000003',
   'd1000000-0000-0000-0000-000000000002',
   'b2000000-0000-0000-0000-000000000002',
   'Arachides', 'ALIMENTAIRE',
   'SEVERE',
   'Choc anaphylactique, fermeture de la gorge',
   'Auto-injecteur d''adrénaline (EpiPen) + SAMU',
   true, '2010-06-14',
   'Allergie connue depuis l''enfance. Porte toujours un EpiPen.',
   NOW(), NOW());

-- ────────────────────────────────────────────────────────────
-- 9. ORDONNANCES
-- ────────────────────────────────────────────────────────────
INSERT INTO ordonnances (id, carnet_id, medecin_id, hopital_id,
                         numero_ordonnance, date_prescription, date_expiration,
                         medicaments, instructions_generales, statut,
                         created_at, updated_at)
VALUES
  -- Ordonnance 1 : Jean – HTA (Nov 2025)
  ('h1000000-0000-0000-0000-000000000001',
   'd1000000-0000-0000-0000-000000000001',
   'b2000000-0000-0000-0000-000000000001',
   'a0000000-0000-0000-0000-000000000001',
   'ORD-DEMO-001',
   '2025-11-10', '2026-02-10',
   '[
     {"nom":"Amlodipine","dosage":"5mg","frequence":"1x/jour","duree":"3 mois","instructions":"À prendre le soir au coucher"},
     {"nom":"Régime hyposodé","dosage":"","frequence":"Permanent","duree":"Permanent","instructions":"Sel < 5g/jour"}
   ]',
   'Surveiller la tension chaque semaine. Consulter si > 160/100.',
   'ACTIVE',
   NOW(), NOW()),

  -- Ordonnance 2 : Jean – HTA renforcé (Déc 2025)
  ('h1000000-0000-0000-0000-000000000002',
   'd1000000-0000-0000-0000-000000000001',
   'b2000000-0000-0000-0000-000000000001',
   'a0000000-0000-0000-0000-000000000001',
   'ORD-DEMO-002',
   '2025-12-15', '2026-03-15',
   '[
     {"nom":"Amlodipine","dosage":"10mg","frequence":"1x/jour","duree":"3 mois","instructions":"À prendre le matin"},
     {"nom":"Bisoprolol","dosage":"2.5mg","frequence":"1x/jour","duree":"3 mois","instructions":"Ne pas arrêter brusquement"}
   ]',
   'Urgence si douleur thoracique persistante > 10min. Appeler le 15.',
   'ACTIVE',
   NOW(), NOW()),

  -- Ordonnance 3 : Marie – Migraines (Jan 2026)
  ('h1000000-0000-0000-0000-000000000003',
   'd1000000-0000-0000-0000-000000000002',
   'b2000000-0000-0000-0000-000000000002',
   'a0000000-0000-0000-0000-000000000002',
   'ORD-DEMO-003',
   '2026-01-05', '2026-04-05',
   '[
     {"nom":"Sumatriptan","dosage":"50mg","frequence":"À la crise (max 2x/j)","duree":"Selon besoin","instructions":"Prendre dès les premiers symptômes"},
     {"nom":"Topiramate","dosage":"25mg","frequence":"1x/jour le soir","duree":"3 mois","instructions":"Augmentation progressive de la dose selon tolérance"}
   ]',
   'Tenir un journal des crises. Revoir si > 4 crises/mois.',
   'ACTIVE',
   NOW(), NOW());

	at org.flywaydb.core.internal.command.DbMigrate.doMigrateGroup(DbMigrate.java:382) ~[flyway-core-9.22.3.jar:na]
	at org.flywaydb.core.internal.command.DbMigrate.lambda$applyMigrations$1(DbMigrate.java:272) ~[flyway-core-9.22.3.jar:na]
	at org.flywaydb.core.internal.jdbc.TransactionalExecutionTemplate.execute(TransactionalExecutionTemplate.java:55) ~[flyway-core-9.22.3.jar:na]
	at org.flywaydb.core.internal.command.DbMigrate.applyMigrations(DbMigrate.java:271) ~[flyway-core-9.22.3.jar:na]
	at org.flywaydb.core.internal.command.DbMigrate.migrateGroup(DbMigrate.java:244) ~[flyway-core-9.22.3.jar:na]
	at org.flywaydb.core.internal.command.DbMigrate.lambda$migrateAll$0(DbMigrate.java:139) ~[flyway-core-9.22.3.jar:na]
	at org.flywaydb.core.internal.database.postgresql.PostgreSQLAdvisoryLockTemplate.execute(PostgreSQLAdvisoryLockTemplate.java:73) ~[flyway-core-9.22.3.jar:na]
	at org.flywaydb.core.internal.database.postgresql.PostgreSQLAdvisoryLockTemplate.lambda$execute$0(PostgreSQLAdvisoryLockTemplate.java:56) ~[flyway-core-9.22.3.jar:na]
	at org.flywaydb.core.internal.jdbc.TransactionalExecutionTemplate.execute(TransactionalExecutionTemplate.java:55) ~[flyway-core-9.22.3.jar:na]
	at org.flywaydb.core.internal.database.postgresql.PostgreSQLAdvisoryLockTemplate.execute(PostgreSQLAdvisoryLockTemplate.java:56) ~[flyway-core-9.22.3.jar:na]
	at org.flywaydb.core.internal.database.postgresql.PostgreSQLConnection.lock(PostgreSQLConnection.java:96) ~[flyway-core-9.22.3.jar:na]
	at org.flywaydb.core.internal.schemahistory.JdbcTableSchemaHistory.lock(JdbcTableSchemaHistory.java:144) ~[flyway-core-9.22.3.jar:na]
	at org.flywaydb.core.internal.command.DbMigrate.migrateAll(DbMigrate.java:139) ~[flyway-core-9.22.3.jar:na]
	at org.flywaydb.core.internal.command.DbMigrate.migrate(DbMigrate.java:97) ~[flyway-core-9.22.3.jar:na]
	at org.flywaydb.core.Flyway.lambda$migrate$0(Flyway.java:188) ~[flyway-core-9.22.3.jar:na]
	at org.flywaydb.core.FlywayExecutor.execute(FlywayExecutor.java:213) ~[flyway-core-9.22.3.jar:na]
	at org.flywaydb.core.Flyway.migrate(Flyway.java:140) ~[flyway-core-9.22.3.jar:na]
	at org.springframework.boot.autoconfigure.flyway.FlywayMigrationInitializer.afterPropertiesSet(FlywayMigrationInitializer.java:66) ~[spring-boot-autoconfigure-3.2.3.jar:3.2.3]
	at org.springframework.beans.factory.support.AbstractAutowireCapableBeanFactory.invokeInitMethods(AbstractAutowireCapableBeanFactory.java:1833) ~[spring-beans-6.1.4.jar:6.1.4]
	at org.springframework.beans.factory.support.AbstractAutowireCapableBeanFactory.initializeBean(AbstractAutowireCapableBeanFactory.java:1782) ~[spring-beans-6.1.4.jar:6.1.4]
	... 106 common frames omitted
Caused by: org.flywaydb.core.internal.sqlscript.FlywaySqlScriptException: Migration V4__seed_demo_data.sql failed
---------------------------------------
SQL State  : 42601
Error Code : 0
Message    : ERROR: syntax error at or near "insuffisance"
  Position : 582
Location   : db/migration/V4__seed_demo_data.sql (/home/bala/CSCM_PROJECT/backend/target/classes/db/migration/V4__seed_demo_data.sql)
Line       : 30
Statement  : -- ────────────────────────────────────────────────────────────
-- 2. MEDECINS – Profils professionnels
-- ────────────────────────────────────────────────────────────
INSERT INTO medecins (id, user_id, specialite, numero_ordre, hopital_affiliation,
                      statut, annees_experience, biographie, created_at, updated_at)
VALUES
  ('b2000000-0000-0000-0000-000000000001',
   'b1000000-0000-0000-0000-000000000001',
   'Cardiologie', 'CM-CARD-00145', 'Hôpital Central de Yaoundé',
   'VALIDE', 12,
   'Cardiologue senior spécialisé dans les maladies coronariennes et l'insuffisance cardiaque.',
   NOW(), NOW()),

  ('b2000000-0000-0000-0000-000000000002',
   'b1000000-0000-0000-0000-000000000002',
   'Pédiatrie', 'CM-PED-00289', 'CHU de Douala',
   'VALIDE', 8,
   'Pédiatre expérimentée, spécialisée dans la nutrition infantile et les maladies infectieuses.',
   NOW(), NOW());

-- ────────────────────────────────────────────────────────────
-- 3. USERS – Patients
-- ────────────────────────────────────────────────────────────
INSERT INTO users (id, email, mot_de_passe_hash, role, nom_complet, telephone,
                   email_verifie, telephone_verifie, deux_facteurs, compte_actif,
                   created_at, updated_at)
VALUES
  -- Jean Kamga — mot de passe : DemoPass123!
  ('c1000000-0000-0000-0000-000000000001',
   'jean.kamga@patient.cm',
   '$2a$12$kF8ZMjy8X/3Y6HF.Nqg1luE0EBY.9.9vV2N1r/dh3a5RpNpfKHdDm',
   'PATIENT', 'Jean Kamga', '+237677000001',
   true, false, false, true, NOW(), NOW()),

  -- Marie Ngo — mot de passe : DemoPass123!
  ('c1000000-0000-0000-0000-000000000002',
   'marie.ngo@patient.cm',
   '$2a$12$kF8ZMjy8X/3Y6HF.Nqg1luE0EBY.9.9vV2N1r/dh3a5RpNpfKHdDm',
   'PATIENT', 'Marie Ngo', '+237677000002',
   true, false, false, true, NOW(), NOW());

-- ────────────────────────────────────────────────────────────
-- 4. PATIENTS – Profils (infos médicales générales)
-- ────────────────────────────────────────────────────────────
INSERT INTO patients (id, user_id, date_naissance, sexe, groupe_sanguin,
                      taille_cm, poids_kg, adresse, ville, pays,
                      contact_urgence_nom, contact_urgence_telephone,
                      created_at, updated_at)
VALUES
  ('c2000000-0000-0000-0000-000000000001',
   'c1000000-0000-0000-0000-000000000001',
   '1985-04-12', 'MASCULIN', 'O+',
   178, 82.5, '45 rue de la Paix', 'Yaoundé', 'Cameroun',
   'Jeanne Kamga', '+237677000099',
   NOW(), NOW()),

  ('c2000000-0000-0000-0000-000000000002',
   'c1000000-0000-0000-0000-000000000002',
   '1992-09-23', 'FEMININ', 'A+',
   165, 61.0, '12 avenue Kennedy', 'Douala', 'Cameroun',
   'Paul Ngo', '+237677000098',
   NOW(), NOW());

-- ────────────────────────────────────────────────────────────
-- 5. CARNETS MÉDICAUX
-- ────────────────────────────────────────────────────────────
INSERT INTO carnets_medicaux (id, patient_id, version, statut, abonnement_actif,
                              notes_generales, created_at, updated_at)
VALUES
  ('d1000000-0000-0000-0000-000000000001',
   'c2000000-0000-0000-0000-000000000001',
   1, 'actif', true,
   'Patient hypertendu sous traitement continu. Surveiller la pression artérielle mensuellement.',
   NOW(), NOW()),

  ('d1000000-0000-0000-0000-000000000002',
   'c2000000-0000-0000-0000-000000000002',
   1, 'actif', true,
   'Patiente sans antécédents majeurs. Suivie pour migraines chroniques.',
   NOW(), NOW());

-- ────────────────────────────────────────────────────────────
-- 6. APPROBATIONS – Les patients autorisent leurs médecins
-- ────────────────────────────────────────────────────────────
INSERT INTO approbations_medecins (id, carnet_id, medecin_id, actif,
                                   date_approbation, date_expiration,
                                   peut_creer_consultation, peut_creer_ordonnance,
                                   peut_voir_historique, motif_revocation, created_at, updated_at)
VALUES
  -- Jean autorise Dr. Dupuis
  ('e1000000-0000-0000-0000-000000000001',
   'd1000000-0000-0000-0000-000000000001',
   'b2000000-0000-0000-0000-000000000001',
   true, NOW(), NULL,
   true, true, true, NULL, NOW(), NOW()),

  -- Marie autorise Dr. Nguemo
  ('e1000000-0000-0000-0000-000000000002',
   'd1000000-0000-0000-0000-000000000002',
   'b2000000-0000-0000-0000-000000000002',
   true, NOW(), NULL,
   true, true, true, NULL, NOW(), NOW());

-- ────────────────────────────────────────────────────────────
-- 7. CONSULTATIONS (carnet de Jean – Dr. Dupuis)
-- ────────────────────────────────────────────────────────────
INSERT INTO consultations (id, carnet_id, medecin_id, hopital_id,
                           date_consultation, motif, symptomes, diagnostic,
                           traitement, tension_arterielle, frequence_cardiaque,
                           temperature, poids, notes, statut, created_at, updated_at)
VALUES
  ('f1000000-0000-0000-0000-000000000001',
   'd1000000-0000-0000-0000-000000000001',
   'b2000000-0000-0000-0000-000000000001',
   'a0000000-0000-0000-0000-000000000001',
   '2025-11-10 09:00:00',
   'Contrôle tension artérielle',
   'Maux de tête fréquents, vision légèrement floue',
   'Hypertension artérielle stade 1 confirmée',
   'Amlodipine 5mg/j + régime hyposodé',
   '145/92', 78, 37.1, 82.5,
   'Revoir dans 1 mois. ECG normal.',
   'SOUMIS', NOW(), NOW()),

  ('f1000000-0000-0000-0000-000000000002',
   'd1000000-0000-0000-0000-000000000001',
   'b2000000-0000-0000-0000-000000000001',
   'a0000000-0000-0000-0000-000000000001',
   '2025-12-15 10:30:00',
   'Suivi HTA + douleurs thoraciques occasionnelles',
   'Douleurs thoraciques à l'effort, essouflement modéré',
   'Angor stable possible – bilan complémentaire prescrit',
   'Amlodipine 10mg/j + Bétabloquant + Aspirine 75mg',
   '138/88', 72, 36.9, 81.0,
   'Echo cardiaque demandée. Surveillance renforcée.',
   'SOUMIS', NOW(), NOW()),

  ('f1000000-0000-0000-0000-000000000003',
   'd1000000-0000-0000-0000-000000000001',
   'b2000000-0000-0000-0000-000000000001',
   'a0000000-0000-0000-0000-000000000001',
   '2026-01-20 11:00:00',
   'Résultats écho cardiaque',
   'Résultats rassurants, légère hypertrophie VG',
   'Cardiopathie hypertensive débutante',
   'Traitement maintenu + activité physique adaptée 30min/j',
   '132/85', 70, 36.8, 80.5,
   'Prochain contrôle dans 3 mois.',
   'SOUMIS', NOW(), NOW());

-- Consultation de Marie – Dr. Nguemo
INSERT INTO consultations (id, carnet_id, medecin_id, hopital_id,
                           date_consultation, motif, symptomes, diagnostic,
                           traitement, tension_arterielle, frequence_cardiaque,
                           temperature, poids, notes, statut, created_at, updated_at)
VALUES
  ('f1000000-0000-0000-0000-000000000004',
   'd1000000-0000-0000-0000-000000000002',
   'b2000000-0000-0000-0000-000000000002',
   'a0000000-0000-0000-0000-000000000002',
   '2026-01-05 08:30:00',
   'Migraines récurrentes',
   'Céphalées intenses 2-3x/semaine, photophobie, nausées',
   'Migraine sans aura – syndrome migraneux chronique',
   'Sumatriptan 50mg à la crise + Topiramate 25mg/j en prévention',
   '118/75', 65, 37.0, 61.0,
   'Journal de migraines recommandé. Exclure causes secondaires.',
   'SOUMIS', NOW(), NOW());

-- ────────────────────────────────────────────────────────────
-- 8. ALLERGIES
-- ────────────────────────────────────────────────────────────
INSERT INTO allergies (id, carnet_id, medecin_id, nom_allergene, type_reaction,
                       severite, symptomes, traitement_urgence, actif,
                       date_decouverte, notes, created_at, updated_at)
VALUES
  -- Jean : allergie Pénicilline
  ('g1000000-0000-0000-0000-000000000001',
   'd1000000-0000-0000-0000-000000000001',
   'b2000000-0000-0000-0000-000000000001',
   'Pénicilline', 'MEDICAMENT',
   'SEVERE',
   'Urticaire généralisée, oedème de Quincke',
   'Adrénaline 0.3mg IM + antihistaminiques IV + appel SAMU',
   true, '2018-03-20',
   'Allergie confirmée par test cutané. Éviter tous les béta-lactamines.',
   NOW(), NOW()),

  -- Jean : intolérance Aspirine (modérée)
  ('g1000000-0000-0000-0000-000000000002',
   'd1000000-0000-0000-0000-000000000001',
   'b2000000-0000-0000-0000-000000000001',
   'Aspirine (AAS)', 'MEDICAMENT',
   'MODEREE',
   'Bronchospasme, rhinorrhée',
   'Bronchodilatateur + antihistaminiques',
   true, '2025-12-15',
   'Découverte lors de la prescription. Utiliser paracétamol ou ibuprofène à la place.',
   NOW(), NOW()),

  -- Marie : allergie Arachides
  ('g1000000-0000-0000-0000-000000000003',
   'd1000000-0000-0000-0000-000000000002',
   'b2000000-0000-0000-0000-000000000002',
   'Arachides', 'ALIMENTAIRE',
   'SEVERE',
   'Choc anaphylactique, fermeture de la gorge',
   'Auto-injecteur d''adrénaline (EpiPen) + SAMU',
   true, '2010-06-14',
   'Allergie connue depuis l''enfance. Porte toujours un EpiPen.',
   NOW(), NOW());

-- ────────────────────────────────────────────────────────────
-- 9. ORDONNANCES
-- ────────────────────────────────────────────────────────────
INSERT INTO ordonnances (id, carnet_id, medecin_id, hopital_id,
                         numero_ordonnance, date_prescription, date_expiration,
                         medicaments, instructions_generales, statut,
                         created_at, updated_at)
VALUES
  -- Ordonnance 1 : Jean – HTA (Nov 2025)
  ('h1000000-0000-0000-0000-000000000001',
   'd1000000-0000-0000-0000-000000000001',
   'b2000000-0000-0000-0000-000000000001',
   'a0000000-0000-0000-0000-000000000001',
   'ORD-DEMO-001',
   '2025-11-10', '2026-02-10',
   '[
     {"nom":"Amlodipine","dosage":"5mg","frequence":"1x/jour","duree":"3 mois","instructions":"À prendre le soir au coucher"},
     {"nom":"Régime hyposodé","dosage":"","frequence":"Permanent","duree":"Permanent","instructions":"Sel < 5g/jour"}
   ]',
   'Surveiller la tension chaque semaine. Consulter si > 160/100.',
   'ACTIVE',
   NOW(), NOW()),

  -- Ordonnance 2 : Jean – HTA renforcé (Déc 2025)
  ('h1000000-0000-0000-0000-000000000002',
   'd1000000-0000-0000-0000-000000000001',
   'b2000000-0000-0000-0000-000000000001',
   'a0000000-0000-0000-0000-000000000001',
   'ORD-DEMO-002',
   '2025-12-15', '2026-03-15',
   '[
     {"nom":"Amlodipine","dosage":"10mg","frequence":"1x/jour","duree":"3 mois","instructions":"À prendre le matin"},
     {"nom":"Bisoprolol","dosage":"2.5mg","frequence":"1x/jour","duree":"3 mois","instructions":"Ne pas arrêter brusquement"}
   ]',
   'Urgence si douleur thoracique persistante > 10min. Appeler le 15.',
   'ACTIVE',
   NOW(), NOW()),

  -- Ordonnance 3 : Marie – Migraines (Jan 2026)
  ('h1000000-0000-0000-0000-000000000003',
   'd1000000-0000-0000-0000-000000000002',
   'b2000000-0000-0000-0000-000000000002',
   'a0000000-0000-0000-0000-000000000002',
   'ORD-DEMO-003',
   '2026-01-05', '2026-04-05',
   '[
     {"nom":"Sumatriptan","dosage":"50mg","frequence":"À la crise (max 2x/j)","duree":"Selon besoin","instructions":"Prendre dès les premiers symptômes"},
     {"nom":"Topiramate","dosage":"25mg","frequence":"1x/jour le soir","duree":"3 mois","instructions":"Augmentation progressive de la dose selon tolérance"}
   ]',
   'Tenir un journal des crises. Revoir si > 4 crises/mois.',
   'ACTIVE',
   NOW(), NOW());

	at org.flywaydb.core.internal.sqlscript.DefaultSqlScriptExecutor.handleException(DefaultSqlScriptExecutor.java:267) ~[flyway-core-9.22.3.jar:na]
	at org.flywaydb.core.internal.sqlscript.DefaultSqlScriptExecutor.executeStatement(DefaultSqlScriptExecutor.java:222) ~[flyway-core-9.22.3.jar:na]
	at org.flywaydb.core.internal.sqlscript.DefaultSqlScriptExecutor.execute(DefaultSqlScriptExecutor.java:126) ~[flyway-core-9.22.3.jar:na]
	at org.flywaydb.core.internal.resolver.sql.SqlMigrationExecutor.executeOnce(SqlMigrationExecutor.java:68) ~[flyway-core-9.22.3.jar:na]
	at org.flywaydb.core.internal.resolver.sql.SqlMigrationExecutor.lambda$execute$0(SqlMigrationExecutor.java:57) ~[flyway-core-9.22.3.jar:na]
	at org.flywaydb.core.internal.database.DefaultExecutionStrategy.execute(DefaultExecutionStrategy.java:27) ~[flyway-core-9.22.3.jar:na]
	at org.flywaydb.core.internal.resolver.sql.SqlMigrationExecutor.execute(SqlMigrationExecutor.java:56) ~[flyway-core-9.22.3.jar:na]
	at org.flywaydb.core.internal.command.DbMigrate.doMigrateGroup(DbMigrate.java:374) ~[flyway-core-9.22.3.jar:na]
	... 125 common frames omitted
Caused by: org.postgresql.util.PSQLException: ERROR: syntax error at or near "insuffisance"
  Position : 582
	at org.postgresql.core.v3.QueryExecutorImpl.receiveErrorResponse(QueryExecutorImpl.java:2713) ~[postgresql-42.6.1.jar:42.6.1]
	at org.postgresql.core.v3.QueryExecutorImpl.processResults(QueryExecutorImpl.java:2401) ~[postgresql-42.6.1.jar:42.6.1]
	at org.postgresql.core.v3.QueryExecutorImpl.execute(QueryExecutorImpl.java:368) ~[postgresql-42.6.1.jar:42.6.1]
	at org.postgresql.jdbc.PgStatement.executeInternal(PgStatement.java:498) ~[postgresql-42.6.1.jar:42.6.1]
	at org.postgresql.jdbc.PgStatement.execute(PgStatement.java:415) ~[postgresql-42.6.1.jar:42.6.1]
	at org.postgresql.jdbc.PgStatement.executeWithFlags(PgStatement.java:335) ~[postgresql-42.6.1.jar:42.6.1]
	at org.postgresql.jdbc.PgStatement.executeCachedSql(PgStatement.java:321) ~[postgresql-42.6.1.jar:42.6.1]
	at org.postgresql.jdbc.PgStatement.executeWithFlags(PgStatement.java:297) ~[postgresql-42.6.1.jar:42.6.1]
	at org.postgresql.jdbc.PgStatement.execute(PgStatement.java:292) ~[postgresql-42.6.1.jar:42.6.1]
	at com.zaxxer.hikari.pool.ProxyStatement.execute(ProxyStatement.java:94) ~[HikariCP-5.0.1.jar:na]
	at com.zaxxer.hikari.pool.HikariProxyStatement.execute(HikariProxyStatement.java) ~[HikariCP-5.0.1.jar:na]
	at org.flywaydb.core.internal.jdbc.JdbcTemplate.executeStatement(JdbcTemplate.java:201) ~[flyway-core-9.22.3.jar:na]
	at org.flywaydb.core.internal.sqlscript.ParsedSqlStatement.execute(ParsedSqlStatement.java:95) ~[flyway-core-9.22.3.jar:na]
	at org.flywaydb.core.internal.sqlscript.DefaultSqlScriptExecutor.executeStatement(DefaultSqlScriptExecutor.java:210) ~[flyway-core-9.22.3.jar:na]
	... 131 common frames omitted


  .   ____          _            __ _ _
 /\\ / ___'_ __ _ _(_)_ __  __ _ \ \ \ \
( ( )\___ | '_ | '_| | '_ \/ _` | \ \ \ \
 \\/  ___)| |_)| | | | | || (_| |  ) ) ) )
  '  |____| .__|_| |_|_| |_\__, | / / / /
 =========|_|==============|___/=/_/_/_/
[32m :: Spring Boot :: [39m              [2m (v3.2.3)[0;39m

[2m2026-03-03T23:04:41.109+01:00[0;39m [32m INFO[0;39m [35m118167[0;39m [2m---[0;39m [2m[cscm-backend] [  restartedMain][0;39m [2m[0;39m[36mc.cscm.backend.CscmBackendApplication   [0;39m [2m:[0;39m Starting CscmBackendApplication using Java 23 with PID 118167 (/home/bala/CSCM_PROJECT/backend/target/classes started by bala in /home/bala/CSCM_PROJECT/backend)
[2m2026-03-03T23:04:41.110+01:00[0;39m [32mDEBUG[0;39m [35m118167[0;39m [2m---[0;39m [2m[cscm-backend] [  restartedMain][0;39m [2m[0;39m[36mc.cscm.backend.CscmBackendApplication   [0;39m [2m:[0;39m Running with Spring Boot v3.2.3, Spring v6.1.4
[2m2026-03-03T23:04:41.110+01:00[0;39m [32m INFO[0;39m [35m118167[0;39m [2m---[0;39m [2m[cscm-backend] [  restartedMain][0;39m [2m[0;39m[36mc.cscm.backend.CscmBackendApplication   [0;39m [2m:[0;39m No active profile set, falling back to 1 default profile: "default"
[2m2026-03-03T23:04:41.751+01:00[0;39m [32m INFO[0;39m [35m118167[0;39m [2m---[0;39m [2m[cscm-backend] [  restartedMain][0;39m [2m[0;39m[36m.s.d.r.c.RepositoryConfigurationDelegate[0;39m [2m:[0;39m Bootstrapping Spring Data JPA repositories in DEFAULT mode.
[2m2026-03-03T23:04:41.792+01:00[0;39m [32m INFO[0;39m [35m118167[0;39m [2m---[0;39m [2m[cscm-backend] [  restartedMain][0;39m [2m[0;39m[36m.s.d.r.c.RepositoryConfigurationDelegate[0;39m [2m:[0;39m Finished Spring Data repository scanning in 40 ms. Found 17 JPA repository interfaces.
[2m2026-03-03T23:04:42.118+01:00[0;39m [32m INFO[0;39m [35m118167[0;39m [2m---[0;39m [2m[cscm-backend] [  restartedMain][0;39m [2m[0;39m[36mo.s.b.w.embedded.tomcat.TomcatWebServer [0;39m [2m:[0;39m Tomcat initialized with port 8080 (http)
[2m2026-03-03T23:04:42.120+01:00[0;39m [32m INFO[0;39m [35m118167[0;39m [2m---[0;39m [2m[cscm-backend] [  restartedMain][0;39m [2m[0;39m[36mo.apache.catalina.core.StandardService  [0;39m [2m:[0;39m Starting service [Tomcat]
[2m2026-03-03T23:04:42.120+01:00[0;39m [32m INFO[0;39m [35m118167[0;39m [2m---[0;39m [2m[cscm-backend] [  restartedMain][0;39m [2m[0;39m[36mo.apache.catalina.core.StandardEngine   [0;39m [2m:[0;39m Starting Servlet engine: [Apache Tomcat/10.1.19]
[2m2026-03-03T23:04:42.153+01:00[0;39m [32m INFO[0;39m [35m118167[0;39m [2m---[0;39m [2m[cscm-backend] [  restartedMain][0;39m [2m[0;39m[36mo.a.c.c.C.[Tomcat-1].[localhost].[/api] [0;39m [2m:[0;39m Initializing Spring embedded WebApplicationContext
[2m2026-03-03T23:04:42.154+01:00[0;39m [32m INFO[0;39m [35m118167[0;39m [2m---[0;39m [2m[cscm-backend] [  restartedMain][0;39m [2m[0;39m[36mw.s.c.ServletWebServerApplicationContext[0;39m [2m:[0;39m Root WebApplicationContext: initialization completed in 1038 ms
[2m2026-03-03T23:04:42.348+01:00[0;39m [32m INFO[0;39m [35m118167[0;39m [2m---[0;39m [2m[cscm-backend] [  restartedMain][0;39m [2m[0;39m[36mcom.zaxxer.hikari.HikariDataSource      [0;39m [2m:[0;39m HikariPool-3 - Starting...
[2m2026-03-03T23:04:42.453+01:00[0;39m [32m INFO[0;39m [35m118167[0;39m [2m---[0;39m [2m[cscm-backend] [  restartedMain][0;39m [2m[0;39m[36mcom.zaxxer.hikari.pool.HikariPool       [0;39m [2m:[0;39m HikariPool-3 - Added connection org.postgresql.jdbc.PgConnection@6e737da1
[2m2026-03-03T23:04:42.453+01:00[0;39m [32m INFO[0;39m [35m118167[0;39m [2m---[0;39m [2m[cscm-backend] [  restartedMain][0;39m [2m[0;39m[36mcom.zaxxer.hikari.HikariDataSource      [0;39m [2m:[0;39m HikariPool-3 - Start completed.
[2m2026-03-03T23:04:42.498+01:00[0;39m [32m INFO[0;39m [35m118167[0;39m [2m---[0;39m [2m[cscm-backend] [  restartedMain][0;39m [2m[0;39m[36morg.flywaydb.core.FlywayExecutor        [0;39m [2m:[0;39m Database: jdbc:postgresql://localhost:5432/cscm_db (PostgreSQL 15.5)
[2m2026-03-03T23:04:42.531+01:00[0;39m [32m INFO[0;39m [35m118167[0;39m [2m---[0;39m [2m[cscm-backend] [  restartedMain][0;39m [2m[0;39m[36mo.f.core.internal.command.DbValidate    [0;39m [2m:[0;39m Successfully validated 4 migrations (execution time 00:00.018s)
[2m2026-03-03T23:04:42.657+01:00[0;39m [32m INFO[0;39m [35m118167[0;39m [2m---[0;39m [2m[cscm-backend] [  restartedMain][0;39m [2m[0;39m[36mo.f.core.internal.command.DbMigrate     [0;39m [2m:[0;39m Current version of schema "public": 3
[2m2026-03-03T23:04:42.792+01:00[0;39m [32m INFO[0;39m [35m118167[0;39m [2m---[0;39m [2m[cscm-backend] [  restartedMain][0;39m [2m[0;39m[36mo.f.core.internal.command.DbMigrate     [0;39m [2m:[0;39m Migrating schema "public" to version "4 - seed demo data"
[2m2026-03-03T23:04:42.810+01:00[0;39m [31mERROR[0;39m [35m118167[0;39m [2m---[0;39m [2m[cscm-backend] [  restartedMain][0;39m [2m[0;39m[36mo.f.core.internal.command.DbMigrate     [0;39m [2m:[0;39m Migration of schema "public" to version "4 - seed demo data" failed! Changes successfully rolled back.
[2m2026-03-03T23:04:42.817+01:00[0;39m [31mERROR[0;39m [35m118167[0;39m [2m---[0;39m [2m[cscm-backend] [  restartedMain][0;39m [2m[0;39m[36mo.s.b.web.embedded.tomcat.TomcatStarter [0;39m [2m:[0;39m Error starting Tomcat context. Exception: org.springframework.beans.factory.UnsatisfiedDependencyException. Message: Error creating bean with name 'jwtAuthFilter' defined in file [/home/bala/CSCM_PROJECT/backend/target/classes/com/cscm/backend/security/JwtAuthFilter.class]: Unsatisfied dependency expressed through constructor parameter 1: Error creating bean with name 'customUserDetailsService' defined in file [/home/bala/CSCM_PROJECT/backend/target/classes/com/cscm/backend/security/CustomUserDetailsService.class]: Unsatisfied dependency expressed through constructor parameter 0: Error creating bean with name 'userRepository' defined in com.cscm.backend.repository.UserRepository defined in @EnableJpaRepositories declared on JpaRepositoriesRegistrar.EnableJpaRepositoriesConfiguration: Cannot resolve reference to bean 'jpaSharedEM_entityManagerFactory' while setting bean property 'entityManager'
[2m2026-03-03T23:04:42.825+01:00[0;39m [32m INFO[0;39m [35m118167[0;39m [2m---[0;39m [2m[cscm-backend] [  restartedMain][0;39m [2m[0;39m[36mo.apache.catalina.core.StandardService  [0;39m [2m:[0;39m Stopping service [Tomcat]
[2m2026-03-03T23:04:42.828+01:00[0;39m [33m WARN[0;39m [35m118167[0;39m [2m---[0;39m [2m[cscm-backend] [  restartedMain][0;39m [2m[0;39m[36mo.a.c.loader.WebappClassLoaderBase      [0;39m [2m:[0;39m The web application [api] appears to have started a thread named [HikariPool-3 housekeeper] but has failed to stop it. This is very likely to create a memory leak. Stack trace of thread:
 java.base/jdk.internal.misc.Unsafe.park(Native Method)
 java.base/java.util.concurrent.locks.LockSupport.parkNanos(LockSupport.java:269)
 java.base/java.util.concurrent.locks.AbstractQueuedSynchronizer$ConditionObject.awaitNanos(AbstractQueuedSynchronizer.java:1763)
 java.base/java.util.concurrent.ScheduledThreadPoolExecutor$DelayedWorkQueue.take(ScheduledThreadPoolExecutor.java:1182)
 java.base/java.util.concurrent.ScheduledThreadPoolExecutor$DelayedWorkQueue.take(ScheduledThreadPoolExecutor.java:899)
 java.base/java.util.concurrent.ThreadPoolExecutor.getTask(ThreadPoolExecutor.java:1070)
 java.base/java.util.concurrent.ThreadPoolExecutor.runWorker(ThreadPoolExecutor.java:1130)
 java.base/java.util.concurrent.ThreadPoolExecutor$Worker.run(ThreadPoolExecutor.java:642)
 java.base/java.lang.Thread.run(Thread.java:1575)
[2m2026-03-03T23:04:42.833+01:00[0;39m [33m WARN[0;39m [35m118167[0;39m [2m---[0;39m [2m[cscm-backend] [  restartedMain][0;39m [2m[0;39m[36mo.a.c.loader.WebappClassLoaderBase      [0;39m [2m:[0;39m The web application [api] appears to have started a thread named [HikariPool-3 connection adder] but has failed to stop it. This is very likely to create a memory leak. Stack trace of thread:
 java.base/java.lang.Math.unsignedMultiplyHigh(Math.java:1430)
 java.base/sun.security.util.math.intpoly.MontgomeryIntegerPolynomialP256.multImpl(MontgomeryIntegerPolynomialP256.java:386)
 java.base/sun.security.util.math.intpoly.MontgomeryIntegerPolynomialP256.mult(MontgomeryIntegerPolynomialP256.java:163)
 java.base/sun.security.util.math.intpoly.IntegerPolynomial$MutableElement.setProduct(IntegerPolynomial.java:753)
 java.base/sun.security.util.math.intpoly.IntegerPolynomial$MutableElement.setProduct(IntegerPolynomial.java:674)
 java.base/sun.security.ec.ECOperations.setSum(ECOperations.java:346)
 java.base/sun.security.ec.ECOperations$DefaultMultiplier.<init>(ECOperations.java:496)
 java.base/sun.security.ec.ECOperations.multiply(ECOperations.java:211)
 java.base/sun.security.ec.ECOperations.multiply(ECOperations.java:226)
 java.base/sun.security.ec.ECDHKeyAgreement.deriveKeyImpl(ECDHKeyAgreement.java:282)
 java.base/sun.security.ec.ECDHKeyAgreement.engineGenerateSecret(ECDHKeyAgreement.java:227)
 java.base/sun.security.ec.ECDHKeyAgreement.engineGenerateSecret(ECDHKeyAgreement.java:261)
 java.base/javax.crypto.KeyAgreement.generateSecret(KeyAgreement.java:680)
 java.base/sun.security.ssl.KAKeyDerivation.t13DeriveKey(KAKeyDerivation.java:105)
 java.base/sun.security.ssl.KAKeyDerivation.deriveKey(KAKeyDerivation.java:63)
 java.base/sun.security.ssl.ServerHello$T13ServerHelloConsumer.consume(ServerHello.java:1292)
 java.base/sun.security.ssl.ServerHello$ServerHelloConsumer.onServerHello(ServerHello.java:1010)
 java.base/sun.security.ssl.ServerHello$ServerHelloConsumer.consume(ServerHello.java:898)
 java.base/sun.security.ssl.SSLHandshake.consume(SSLHandshake.java:393)
 java.base/sun.security.ssl.HandshakeContext.dispatch(HandshakeContext.java:476)
 java.base/sun.security.ssl.HandshakeContext.dispatch(HandshakeContext.java:447)
 java.base/sun.security.ssl.TransportContext.dispatch(TransportContext.java:201)
 java.base/sun.security.ssl.SSLTransport.decode(SSLTransport.java:172)
 java.base/sun.security.ssl.SSLSocketImpl.decode(SSLSocketImpl.java:1507)
 java.base/sun.security.ssl.SSLSocketImpl.readHandshakeRecord(SSLSocketImpl.java:1422)
 java.base/sun.security.ssl.SSLSocketImpl.startHandshake(SSLSocketImpl.java:455)
 java.base/sun.security.ssl.SSLSocketImpl.startHandshake(SSLSocketImpl.java:426)
 org.postgresql.ssl.MakeSSL.convert(MakeSSL.java:41)
 org.postgresql.core.v3.ConnectionFactoryImpl.enableSSL(ConnectionFactoryImpl.java:620)
 org.postgresql.core.v3.ConnectionFactoryImpl.tryConnect(ConnectionFactoryImpl.java:191)
 org.postgresql.core.v3.ConnectionFactoryImpl.openConnectionImpl(ConnectionFactoryImpl.java:258)
 org.postgresql.core.ConnectionFactory.openConnection(ConnectionFactory.java:54)
 org.postgresql.jdbc.PgConnection.<init>(PgConnection.java:263)
 org.postgresql.Driver.makeConnection(Driver.java:443)
 org.postgresql.Driver.connect(Driver.java:297)
 com.zaxxer.hikari.util.DriverDataSource.getConnection(DriverDataSource.java:138)
 com.zaxxer.hikari.pool.PoolBase.newConnection(PoolBase.java:359)
 com.zaxxer.hikari.pool.PoolBase.newPoolEntry(PoolBase.java:201)
 com.zaxxer.hikari.pool.HikariPool.createPoolEntry(HikariPool.java:470)
 com.zaxxer.hikari.pool.HikariPool$PoolEntryCreator.call(HikariPool.java:733)
 com.zaxxer.hikari.pool.HikariPool$PoolEntryCreator.call(HikariPool.java:712)
 java.base/java.util.concurrent.FutureTask.run(FutureTask.java:317)
 java.base/java.util.concurrent.ThreadPoolExecutor.runWorker(ThreadPoolExecutor.java:1144)
 java.base/java.util.concurrent.ThreadPoolExecutor$Worker.run(ThreadPoolExecutor.java:642)
 java.base/java.lang.Thread.run(Thread.java:1575)
[2m2026-03-03T23:04:42.834+01:00[0;39m [33m WARN[0;39m [35m118167[0;39m [2m---[0;39m [2m[cscm-backend] [  restartedMain][0;39m [2m[0;39m[36mConfigServletWebServerApplicationContext[0;39m [2m:[0;39m Exception encountered during context initialization - cancelling refresh attempt: org.springframework.context.ApplicationContextException: Unable to start web server
[2m2026-03-03T23:04:42.835+01:00[0;39m [32m INFO[0;39m [35m118167[0;39m [2m---[0;39m [2m[cscm-backend] [  restartedMain][0;39m [2m[0;39m[36mcom.zaxxer.hikari.HikariDataSource      [0;39m [2m:[0;39m HikariPool-3 - Shutdown initiated...
[2m2026-03-03T23:04:42.926+01:00[0;39m [32m INFO[0;39m [35m118167[0;39m [2m---[0;39m [2m[cscm-backend] [  restartedMain][0;39m [2m[0;39m[36mcom.zaxxer.hikari.HikariDataSource      [0;39m [2m:[0;39m HikariPool-3 - Shutdown completed.
[2m2026-03-03T23:04:42.957+01:00[0;39m [32m INFO[0;39m [35m118167[0;39m [2m---[0;39m [2m[cscm-backend] [  restartedMain][0;39m [2m[0;39m[36m.s.b.a.l.ConditionEvaluationReportLogger[0;39m [2m:[0;39m 

Error starting ApplicationContext. To display the condition evaluation report re-run your application with 'debug' enabled.
[2m2026-03-03T23:04:42.973+01:00[0;39m [31mERROR[0;39m [35m118167[0;39m [2m---[0;39m [2m[cscm-backend] [  restartedMain][0;39m [2m[0;39m[36mo.s.boot.SpringApplication              [0;39m [2m:[0;39m Application run failed

org.springframework.context.ApplicationContextException: Unable to start web server
	at org.springframework.boot.web.servlet.context.ServletWebServerApplicationContext.onRefresh(ServletWebServerApplicationContext.java:165) ~[spring-boot-3.2.3.jar:3.2.3]
	at org.springframework.context.support.AbstractApplicationContext.refresh(AbstractApplicationContext.java:618) ~[spring-context-6.1.4.jar:6.1.4]
	at org.springframework.boot.web.servlet.context.ServletWebServerApplicationContext.refresh(ServletWebServerApplicationContext.java:146) ~[spring-boot-3.2.3.jar:3.2.3]
	at org.springframework.boot.SpringApplication.refresh(SpringApplication.java:754) ~[spring-boot-3.2.3.jar:3.2.3]
	at org.springframework.boot.SpringApplication.refreshContext(SpringApplication.java:456) ~[spring-boot-3.2.3.jar:3.2.3]
	at org.springframework.boot.SpringApplication.run(SpringApplication.java:334) ~[spring-boot-3.2.3.jar:3.2.3]
	at org.springframework.boot.SpringApplication.run(SpringApplication.java:1354) ~[spring-boot-3.2.3.jar:3.2.3]
	at org.springframework.boot.SpringApplication.run(SpringApplication.java:1343) ~[spring-boot-3.2.3.jar:3.2.3]
	at com.cscm.backend.CscmBackendApplication.main(CscmBackendApplication.java:14) ~[classes/:na]
	at java.base/jdk.internal.reflect.DirectMethodHandleAccessor.invoke(DirectMethodHandleAccessor.java:103) ~[na:na]
	at java.base/java.lang.reflect.Method.invoke(Method.java:580) ~[na:na]
	at org.springframework.boot.devtools.restart.RestartLauncher.run(RestartLauncher.java:50) ~[spring-boot-devtools-3.2.3.jar:3.2.3]
Caused by: org.springframework.boot.web.server.WebServerException: Unable to start embedded Tomcat
	at org.springframework.boot.web.embedded.tomcat.TomcatWebServer.initialize(TomcatWebServer.java:145) ~[spring-boot-3.2.3.jar:3.2.3]
	at org.springframework.boot.web.embedded.tomcat.TomcatWebServer.<init>(TomcatWebServer.java:105) ~[spring-boot-3.2.3.jar:3.2.3]
	at org.springframework.boot.web.embedded.tomcat.TomcatServletWebServerFactory.getTomcatWebServer(TomcatServletWebServerFactory.java:499) ~[spring-boot-3.2.3.jar:3.2.3]
	at org.springframework.boot.web.embedded.tomcat.TomcatServletWebServerFactory.getWebServer(TomcatServletWebServerFactory.java:218) ~[spring-boot-3.2.3.jar:3.2.3]
	at org.springframework.boot.web.servlet.context.ServletWebServerApplicationContext.createWebServer(ServletWebServerApplicationContext.java:188) ~[spring-boot-3.2.3.jar:3.2.3]
	at org.springframework.boot.web.servlet.context.ServletWebServerApplicationContext.onRefresh(ServletWebServerApplicationContext.java:162) ~[spring-boot-3.2.3.jar:3.2.3]
	... 11 common frames omitted
Caused by: org.springframework.beans.factory.UnsatisfiedDependencyException: Error creating bean with name 'jwtAuthFilter' defined in file [/home/bala/CSCM_PROJECT/backend/target/classes/com/cscm/backend/security/JwtAuthFilter.class]: Unsatisfied dependency expressed through constructor parameter 1: Error creating bean with name 'customUserDetailsService' defined in file [/home/bala/CSCM_PROJECT/backend/target/classes/com/cscm/backend/security/CustomUserDetailsService.class]: Unsatisfied dependency expressed through constructor parameter 0: Error creating bean with name 'userRepository' defined in com.cscm.backend.repository.UserRepository defined in @EnableJpaRepositories declared on JpaRepositoriesRegistrar.EnableJpaRepositoriesConfiguration: Cannot resolve reference to bean 'jpaSharedEM_entityManagerFactory' while setting bean property 'entityManager'
	at org.springframework.beans.factory.support.ConstructorResolver.createArgumentArray(ConstructorResolver.java:798) ~[spring-beans-6.1.4.jar:6.1.4]
	at org.springframework.beans.factory.support.ConstructorResolver.autowireConstructor(ConstructorResolver.java:237) ~[spring-beans-6.1.4.jar:6.1.4]
	at org.springframework.beans.factory.support.AbstractAutowireCapableBeanFactory.autowireConstructor(AbstractAutowireCapableBeanFactory.java:1355) ~[spring-beans-6.1.4.jar:6.1.4]
	at org.springframework.beans.factory.support.AbstractAutowireCapableBeanFactory.createBeanInstance(AbstractAutowireCapableBeanFactory.java:1192) ~[spring-beans-6.1.4.jar:6.1.4]
	at org.springframework.beans.factory.support.AbstractAutowireCapableBeanFactory.doCreateBean(AbstractAutowireCapableBeanFactory.java:562) ~[spring-beans-6.1.4.jar:6.1.4]
	at org.springframework.beans.factory.support.AbstractAutowireCapableBeanFactory.createBean(AbstractAutowireCapableBeanFactory.java:522) ~[spring-beans-6.1.4.jar:6.1.4]
	at org.springframework.beans.factory.support.AbstractBeanFactory.lambda$doGetBean$0(AbstractBeanFactory.java:325) ~[spring-beans-6.1.4.jar:6.1.4]
	at org.springframework.beans.factory.support.DefaultSingletonBeanRegistry.getSingleton(DefaultSingletonBeanRegistry.java:234) ~[spring-beans-6.1.4.jar:6.1.4]
	at org.springframework.beans.factory.support.AbstractBeanFactory.doGetBean(AbstractBeanFactory.java:323) ~[spring-beans-6.1.4.jar:6.1.4]
	at org.springframework.beans.factory.support.AbstractBeanFactory.getBean(AbstractBeanFactory.java:204) ~[spring-beans-6.1.4.jar:6.1.4]
	at org.springframework.boot.web.servlet.ServletContextInitializerBeans.getOrderedBeansOfType(ServletContextInitializerBeans.java:210) ~[spring-boot-3.2.3.jar:3.2.3]
	at org.springframework.boot.web.servlet.ServletContextInitializerBeans.addAsRegistrationBean(ServletContextInitializerBeans.java:173) ~[spring-boot-3.2.3.jar:3.2.3]
	at org.springframework.boot.web.servlet.ServletContextInitializerBeans.addAsRegistrationBean(ServletContextInitializerBeans.java:168) ~[spring-boot-3.2.3.jar:3.2.3]
	at org.springframework.boot.web.servlet.ServletContextInitializerBeans.addAdaptableBeans(ServletContextInitializerBeans.java:153) ~[spring-boot-3.2.3.jar:3.2.3]
	at org.springframework.boot.web.servlet.ServletContextInitializerBeans.<init>(ServletContextInitializerBeans.java:86) ~[spring-boot-3.2.3.jar:3.2.3]
	at org.springframework.boot.web.servlet.context.ServletWebServerApplicationContext.getServletContextInitializerBeans(ServletWebServerApplicationContext.java:266) ~[spring-boot-3.2.3.jar:3.2.3]
	at org.springframework.boot.web.servlet.context.ServletWebServerApplicationContext.selfInitialize(ServletWebServerApplicationContext.java:240) ~[spring-boot-3.2.3.jar:3.2.3]
	at org.springframework.boot.web.embedded.tomcat.TomcatStarter.onStartup(TomcatStarter.java:52) ~[spring-boot-3.2.3.jar:3.2.3]
	at org.apache.catalina.core.StandardContext.startInternal(StandardContext.java:4866) ~[tomcat-embed-core-10.1.19.jar:10.1.19]
	at org.apache.catalina.util.LifecycleBase.start(LifecycleBase.java:171) ~[tomcat-embed-core-10.1.19.jar:10.1.19]
	at org.apache.catalina.core.ContainerBase$StartChild.call(ContainerBase.java:1332) ~[tomcat-embed-core-10.1.19.jar:10.1.19]
	at org.apache.catalina.core.ContainerBase$StartChild.call(ContainerBase.java:1322) ~[tomcat-embed-core-10.1.19.jar:10.1.19]
	at java.base/java.util.concurrent.FutureTask.run(FutureTask.java:317) ~[na:na]
	at org.apache.tomcat.util.threads.InlineExecutorService.execute(InlineExecutorService.java:75) ~[tomcat-embed-core-10.1.19.jar:10.1.19]
	at java.base/java.util.concurrent.AbstractExecutorService.submit(AbstractExecutorService.java:148) ~[na:na]
	at org.apache.catalina.core.ContainerBase.startInternal(ContainerBase.java:866) ~[tomcat-embed-core-10.1.19.jar:10.1.19]
	at org.apache.catalina.core.StandardHost.startInternal(StandardHost.java:845) ~[tomcat-embed-core-10.1.19.jar:10.1.19]
	at org.apache.catalina.util.LifecycleBase.start(LifecycleBase.java:171) ~[tomcat-embed-core-10.1.19.jar:10.1.19]
	at org.apache.catalina.core.ContainerBase$StartChild.call(ContainerBase.java:1332) ~[tomcat-embed-core-10.1.19.jar:10.1.19]
	at org.apache.catalina.core.ContainerBase$StartChild.call(ContainerBase.java:1322) ~[tomcat-embed-core-10.1.19.jar:10.1.19]
	at java.base/java.util.concurrent.FutureTask.run(FutureTask.java:317) ~[na:na]
	at org.apache.tomcat.util.threads.InlineExecutorService.execute(InlineExecutorService.java:75) ~[tomcat-embed-core-10.1.19.jar:10.1.19]
	at java.base/java.util.concurrent.AbstractExecutorService.submit(AbstractExecutorService.java:148) ~[na:na]
	at org.apache.catalina.core.ContainerBase.startInternal(ContainerBase.java:866) ~[tomcat-embed-core-10.1.19.jar:10.1.19]
	at org.apache.catalina.core.StandardEngine.startInternal(StandardEngine.java:240) ~[tomcat-embed-core-10.1.19.jar:10.1.19]
	at org.apache.catalina.util.LifecycleBase.start(LifecycleBase.java:171) ~[tomcat-embed-core-10.1.19.jar:10.1.19]
	at org.apache.catalina.core.StandardService.startInternal(StandardService.java:433) ~[tomcat-embed-core-10.1.19.jar:10.1.19]
	at org.apache.catalina.util.LifecycleBase.start(LifecycleBase.java:171) ~[tomcat-embed-core-10.1.19.jar:10.1.19]
	at org.apache.catalina.core.StandardServer.startInternal(StandardServer.java:921) ~[tomcat-embed-core-10.1.19.jar:10.1.19]
	at org.apache.catalina.util.LifecycleBase.start(LifecycleBase.java:171) ~[tomcat-embed-core-10.1.19.jar:10.1.19]
	at org.apache.catalina.startup.Tomcat.start(Tomcat.java:437) ~[tomcat-embed-core-10.1.19.jar:10.1.19]
	at org.springframework.boot.web.embedded.tomcat.TomcatWebServer.initialize(TomcatWebServer.java:126) ~[spring-boot-3.2.3.jar:3.2.3]
	... 16 common frames omitted
Caused by: org.springframework.beans.factory.UnsatisfiedDependencyException: Error creating bean with name 'customUserDetailsService' defined in file [/home/bala/CSCM_PROJECT/backend/target/classes/com/cscm/backend/security/CustomUserDetailsService.class]: Unsatisfied dependency expressed through constructor parameter 0: Error creating bean with name 'userRepository' defined in com.cscm.backend.repository.UserRepository defined in @EnableJpaRepositories declared on JpaRepositoriesRegistrar.EnableJpaRepositoriesConfiguration: Cannot resolve reference to bean 'jpaSharedEM_entityManagerFactory' while setting bean property 'entityManager'
	at org.springframework.beans.factory.support.ConstructorResolver.createArgumentArray(ConstructorResolver.java:798) ~[spring-beans-6.1.4.jar:6.1.4]
	at org.springframework.beans.factory.support.ConstructorResolver.autowireConstructor(ConstructorResolver.java:237) ~[spring-beans-6.1.4.jar:6.1.4]
	at org.springframework.beans.factory.support.AbstractAutowireCapableBeanFactory.autowireConstructor(AbstractAutowireCapableBeanFactory.java:1355) ~[spring-beans-6.1.4.jar:6.1.4]
	at org.springframework.beans.factory.support.AbstractAutowireCapableBeanFactory.createBeanInstance(AbstractAutowireCapableBeanFactory.java:1192) ~[spring-beans-6.1.4.jar:6.1.4]
	at org.springframework.beans.factory.support.AbstractAutowireCapableBeanFactory.doCreateBean(AbstractAutowireCapableBeanFactory.java:562) ~[spring-beans-6.1.4.jar:6.1.4]
	at org.springframework.beans.factory.support.AbstractAutowireCapableBeanFactory.createBean(AbstractAutowireCapableBeanFactory.java:522) ~[spring-beans-6.1.4.jar:6.1.4]
	at org.springframework.beans.factory.support.AbstractBeanFactory.lambda$doGetBean$0(AbstractBeanFactory.java:325) ~[spring-beans-6.1.4.jar:6.1.4]
	at org.springframework.beans.factory.support.DefaultSingletonBeanRegistry.getSingleton(DefaultSingletonBeanRegistry.java:234) ~[spring-beans-6.1.4.jar:6.1.4]
	at org.springframework.beans.factory.support.AbstractBeanFactory.doGetBean(AbstractBeanFactory.java:323) ~[spring-beans-6.1.4.jar:6.1.4]
	at org.springframework.beans.factory.support.AbstractBeanFactory.getBean(AbstractBeanFactory.java:199) ~[spring-beans-6.1.4.jar:6.1.4]
	at org.springframework.beans.factory.config.DependencyDescriptor.resolveCandidate(DependencyDescriptor.java:254) ~[spring-beans-6.1.4.jar:6.1.4]
	at org.springframework.beans.factory.support.DefaultListableBeanFactory.doResolveDependency(DefaultListableBeanFactory.java:1443) ~[spring-beans-6.1.4.jar:6.1.4]
	at org.springframework.beans.factory.support.DefaultListableBeanFactory.resolveDependency(DefaultListableBeanFactory.java:1353) ~[spring-beans-6.1.4.jar:6.1.4]
	at org.springframework.beans.factory.support.ConstructorResolver.resolveAutowiredArgument(ConstructorResolver.java:907) ~[spring-beans-6.1.4.jar:6.1.4]
	at org.springframework.beans.factory.support.ConstructorResolver.createArgumentArray(ConstructorResolver.java:785) ~[spring-beans-6.1.4.jar:6.1.4]
	... 57 common frames omitted
Caused by: org.springframework.beans.factory.BeanCreationException: Error creating bean with name 'userRepository' defined in com.cscm.backend.repository.UserRepository defined in @EnableJpaRepositories declared on JpaRepositoriesRegistrar.EnableJpaRepositoriesConfiguration: Cannot resolve reference to bean 'jpaSharedEM_entityManagerFactory' while setting bean property 'entityManager'
	at org.springframework.beans.factory.support.BeanDefinitionValueResolver.resolveReference(BeanDefinitionValueResolver.java:377) ~[spring-beans-6.1.4.jar:6.1.4]
	at org.springframework.beans.factory.support.BeanDefinitionValueResolver.resolveValueIfNecessary(BeanDefinitionValueResolver.java:135) ~[spring-beans-6.1.4.jar:6.1.4]
	at org.springframework.beans.factory.support.AbstractAutowireCapableBeanFactory.applyPropertyValues(AbstractAutowireCapableBeanFactory.java:1685) ~[spring-beans-6.1.4.jar:6.1.4]
	at org.springframework.beans.factory.support.AbstractAutowireCapableBeanFactory.populateBean(AbstractAutowireCapableBeanFactory.java:1434) ~[spring-beans-6.1.4.jar:6.1.4]
	at org.springframework.beans.factory.support.AbstractAutowireCapableBeanFactory.doCreateBean(AbstractAutowireCapableBeanFactory.java:599) ~[spring-beans-6.1.4.jar:6.1.4]
	at org.springframework.beans.factory.support.AbstractAutowireCapableBeanFactory.createBean(AbstractAutowireCapableBeanFactory.java:522) ~[spring-beans-6.1.4.jar:6.1.4]
	at org.springframework.beans.factory.support.AbstractBeanFactory.lambda$doGetBean$0(AbstractBeanFactory.java:325) ~[spring-beans-6.1.4.jar:6.1.4]
	at org.springframework.beans.factory.support.DefaultSingletonBeanRegistry.getSingleton(DefaultSingletonBeanRegistry.java:234) ~[spring-beans-6.1.4.jar:6.1.4]
	at org.springframework.beans.factory.support.AbstractBeanFactory.doGetBean(AbstractBeanFactory.java:323) ~[spring-beans-6.1.4.jar:6.1.4]
	at org.springframework.beans.factory.support.AbstractBeanFactory.getBean(AbstractBeanFactory.java:199) ~[spring-beans-6.1.4.jar:6.1.4]
	at org.springframework.beans.factory.config.DependencyDescriptor.resolveCandidate(DependencyDescriptor.java:254) ~[spring-beans-6.1.4.jar:6.1.4]
	at org.springframework.beans.factory.support.DefaultListableBeanFactory.doResolveDependency(DefaultListableBeanFactory.java:1443) ~[spring-beans-6.1.4.jar:6.1.4]
	at org.springframework.beans.factory.support.DefaultListableBeanFactory.resolveDependency(DefaultListableBeanFactory.java:1353) ~[spring-beans-6.1.4.jar:6.1.4]
	at org.springframework.beans.factory.support.ConstructorResolver.resolveAutowiredArgument(ConstructorResolver.java:907) ~[spring-beans-6.1.4.jar:6.1.4]
	at org.springframework.beans.factory.support.ConstructorResolver.createArgumentArray(ConstructorResolver.java:785) ~[spring-beans-6.1.4.jar:6.1.4]
	... 71 common frames omitted
Caused by: org.springframework.beans.factory.BeanCreationException: Error creating bean with name 'jpaSharedEM_entityManagerFactory': Cannot resolve reference to bean 'entityManagerFactory' while setting constructor argument
	at org.springframework.beans.factory.support.BeanDefinitionValueResolver.resolveReference(BeanDefinitionValueResolver.java:377) ~[spring-beans-6.1.4.jar:6.1.4]
	at org.springframework.beans.factory.support.BeanDefinitionValueResolver.resolveValueIfNecessary(BeanDefinitionValueResolver.java:135) ~[spring-beans-6.1.4.jar:6.1.4]
	at org.springframework.beans.factory.support.ConstructorResolver.resolveConstructorArguments(ConstructorResolver.java:685) ~[spring-beans-6.1.4.jar:6.1.4]
	at org.springframework.beans.factory.support.ConstructorResolver.instantiateUsingFactoryMethod(ConstructorResolver.java:509) ~[spring-beans-6.1.4.jar:6.1.4]
	at org.springframework.beans.factory.support.AbstractAutowireCapableBeanFactory.instantiateUsingFactoryMethod(AbstractAutowireCapableBeanFactory.java:1335) ~[spring-beans-6.1.4.jar:6.1.4]
	at org.springframework.beans.factory.support.AbstractAutowireCapableBeanFactory.createBeanInstance(AbstractAutowireCapableBeanFactory.java:1165) ~[spring-beans-6.1.4.jar:6.1.4]
	at org.springframework.beans.factory.support.AbstractAutowireCapableBeanFactory.doCreateBean(AbstractAutowireCapableBeanFactory.java:562) ~[spring-beans-6.1.4.jar:6.1.4]
	at org.springframework.beans.factory.support.AbstractAutowireCapableBeanFactory.createBean(AbstractAutowireCapableBeanFactory.java:522) ~[spring-beans-6.1.4.jar:6.1.4]
	at org.springframework.beans.factory.support.AbstractBeanFactory.lambda$doGetBean$0(AbstractBeanFactory.java:325) ~[spring-beans-6.1.4.jar:6.1.4]
	at org.springframework.beans.factory.support.DefaultSingletonBeanRegistry.getSingleton(DefaultSingletonBeanRegistry.java:234) ~[spring-beans-6.1.4.jar:6.1.4]
	at org.springframework.beans.factory.support.AbstractBeanFactory.doGetBean(AbstractBeanFactory.java:323) ~[spring-beans-6.1.4.jar:6.1.4]
	at org.springframework.beans.factory.support.AbstractBeanFactory.getBean(AbstractBeanFactory.java:199) ~[spring-beans-6.1.4.jar:6.1.4]
	at org.springframework.beans.factory.support.BeanDefinitionValueResolver.resolveReference(BeanDefinitionValueResolver.java:365) ~[spring-beans-6.1.4.jar:6.1.4]
	... 85 common frames omitted
Caused by: org.springframework.beans.factory.BeanCreationException: Error creating bean with name 'flywayInitializer' defined in class path resource [org/springframework/boot/autoconfigure/flyway/FlywayAutoConfiguration$FlywayConfiguration.class]: Migration V4__seed_demo_data.sql failed
---------------------------------------
SQL State  : 42601
Error Code : 0
Message    : ERROR: syntax error at or near "insuffisance"
  Position : 582
Location   : db/migration/V4__seed_demo_data.sql (/home/bala/CSCM_PROJECT/backend/target/classes/db/migration/V4__seed_demo_data.sql)
Line       : 30
Statement  : -- ────────────────────────────────────────────────────────────
-- 2. MEDECINS – Profils professionnels
-- ────────────────────────────────────────────────────────────
INSERT INTO medecins (id, user_id, specialite, numero_ordre, hopital_affiliation,
                      statut, annees_experience, biographie, created_at, updated_at)
VALUES
  ('b2000000-0000-0000-0000-000000000001',
   'b1000000-0000-0000-0000-000000000001',
   'Cardiologie', 'CM-CARD-00145', 'Hôpital Central de Yaoundé',
   'VALIDE', 12,
   'Cardiologue senior spécialisé dans les maladies coronariennes et l'insuffisance cardiaque.',
   NOW(), NOW()),

  ('b2000000-0000-0000-0000-000000000002',
   'b1000000-0000-0000-0000-000000000002',
   'Pédiatrie', 'CM-PED-00289', 'CHU de Douala',
   'VALIDE', 8,
   'Pédiatre expérimentée, spécialisée dans la nutrition infantile et les maladies infectieuses.',
   NOW(), NOW());

-- ────────────────────────────────────────────────────────────
-- 3. USERS – Patients
-- ────────────────────────────────────────────────────────────
INSERT INTO users (id, email, mot_de_passe_hash, role, nom_complet, telephone,
                   email_verifie, telephone_verifie, deux_facteurs, compte_actif,
                   created_at, updated_at)
VALUES
  -- Jean Kamga — mot de passe : DemoPass123!
  ('c1000000-0000-0000-0000-000000000001',
   'jean.kamga@patient.cm',
   '$2a$10$aoWMhy0z/powAnnKSasOH.WRKdxCmnaIRA3hOwGvyJswpRJzhE70m',
   'PATIENT', 'Jean Kamga', '+237677000001',
   true, false, false, true, NOW(), NOW()),

  -- Marie Ngo — mot de passe : DemoPass123!
  ('c1000000-0000-0000-0000-000000000002',
   'marie.ngo@patient.cm',
   '$2a$10$aoWMhy0z/powAnnKSasOH.WRKdxCmnaIRA3hOwGvyJswpRJzhE70m',
   'PATIENT', 'Marie Ngo', '+237677000002',
   true, false, false, true, NOW(), NOW());

-- ────────────────────────────────────────────────────────────
-- 4. PATIENTS – Profils (infos médicales générales)
-- ────────────────────────────────────────────────────────────
INSERT INTO patients (id, user_id, date_naissance, sexe, groupe_sanguin,
                      taille_cm, poids_kg, adresse, ville, pays,
                      contact_urgence_nom, contact_urgence_telephone,
                      created_at, updated_at)
VALUES
  ('c2000000-0000-0000-0000-000000000001',
   'c1000000-0000-0000-0000-000000000001',
   '1985-04-12', 'MASCULIN', 'O+',
   178, 82.5, '45 rue de la Paix', 'Yaoundé', 'Cameroun',
   'Jeanne Kamga', '+237677000099',
   NOW(), NOW()),

  ('c2000000-0000-0000-0000-000000000002',
   'c1000000-0000-0000-0000-000000000002',
   '1992-09-23', 'FEMININ', 'A+',
   165, 61.0, '12 avenue Kennedy', 'Douala', 'Cameroun',
   'Paul Ngo', '+237677000098',
   NOW(), NOW());

-- ────────────────────────────────────────────────────────────
-- 5. CARNETS MÉDICAUX
-- ────────────────────────────────────────────────────────────
INSERT INTO carnets_medicaux (id, patient_id, version, statut, abonnement_actif,
                              notes_generales, created_at, updated_at)
VALUES
  ('d1000000-0000-0000-0000-000000000001',
   'c2000000-0000-0000-0000-000000000001',
   1, 'actif', true,
   'Patient hypertendu sous traitement continu. Surveiller la pression artérielle mensuellement.',
   NOW(), NOW()),

  ('d1000000-0000-0000-0000-000000000002',
   'c2000000-0000-0000-0000-000000000002',
   1, 'actif', true,
   'Patiente sans antécédents majeurs. Suivie pour migraines chroniques.',
   NOW(), NOW());

-- ────────────────────────────────────────────────────────────
-- 6. APPROBATIONS – Les patients autorisent leurs médecins
-- ────────────────────────────────────────────────────────────
INSERT INTO approbations_medecins (id, carnet_id, medecin_id, actif,
                                   date_approbation, date_expiration,
                                   peut_creer_consultation, peut_creer_ordonnance,
                                   peut_voir_historique, motif_revocation, created_at, updated_at)
VALUES
  -- Jean autorise Dr. Dupuis
  ('e1000000-0000-0000-0000-000000000001',
   'd1000000-0000-0000-0000-000000000001',
   'b2000000-0000-0000-0000-000000000001',
   true, NOW(), NULL,
   true, true, true, NULL, NOW(), NOW()),

  -- Marie autorise Dr. Nguemo
  ('e1000000-0000-0000-0000-000000000002',
   'd1000000-0000-0000-0000-000000000002',
   'b2000000-0000-0000-0000-000000000002',
   true, NOW(), NULL,
   true, true, true, NULL, NOW(), NOW());

-- ────────────────────────────────────────────────────────────
-- 7. CONSULTATIONS (carnet de Jean – Dr. Dupuis)
-- ────────────────────────────────────────────────────────────
INSERT INTO consultations (id, carnet_id, medecin_id, hopital_id,
                           date_consultation, motif, symptomes, diagnostic,
                           traitement, tension_arterielle, frequence_cardiaque,
                           temperature, poids, notes, statut, created_at, updated_at)
VALUES
  ('f1000000-0000-0000-0000-000000000001',
   'd1000000-0000-0000-0000-000000000001',
   'b2000000-0000-0000-0000-000000000001',
   'a0000000-0000-0000-0000-000000000001',
   '2025-11-10 09:00:00',
   'Contrôle tension artérielle',
   'Maux de tête fréquents, vision légèrement floue',
   'Hypertension artérielle stade 1 confirmée',
   'Amlodipine 5mg/j + régime hyposodé',
   '145/92', 78, 37.1, 82.5,
   'Revoir dans 1 mois. ECG normal.',
   'SOUMIS', NOW(), NOW()),

  ('f1000000-0000-0000-0000-000000000002',
   'd1000000-0000-0000-0000-000000000001',
   'b2000000-0000-0000-0000-000000000001',
   'a0000000-0000-0000-0000-000000000001',
   '2025-12-15 10:30:00',
   'Suivi HTA + douleurs thoraciques occasionnelles',
   'Douleurs thoraciques à l'effort, essouflement modéré',
   'Angor stable possible – bilan complémentaire prescrit',
   'Amlodipine 10mg/j + Bétabloquant + Aspirine 75mg',
   '138/88', 72, 36.9, 81.0,
   'Echo cardiaque demandée. Surveillance renforcée.',
   'SOUMIS', NOW(), NOW()),

  ('f1000000-0000-0000-0000-000000000003',
   'd1000000-0000-0000-0000-000000000001',
   'b2000000-0000-0000-0000-000000000001',
   'a0000000-0000-0000-0000-000000000001',
   '2026-01-20 11:00:00',
   'Résultats écho cardiaque',
   'Résultats rassurants, légère hypertrophie VG',
   'Cardiopathie hypertensive débutante',
   'Traitement maintenu + activité physique adaptée 30min/j',
   '132/85', 70, 36.8, 80.5,
   'Prochain contrôle dans 3 mois.',
   'SOUMIS', NOW(), NOW());

-- Consultation de Marie – Dr. Nguemo
INSERT INTO consultations (id, carnet_id, medecin_id, hopital_id,
                           date_consultation, motif, symptomes, diagnostic,
                           traitement, tension_arterielle, frequence_cardiaque,
                           temperature, poids, notes, statut, created_at, updated_at)
VALUES
  ('f1000000-0000-0000-0000-000000000004',
   'd1000000-0000-0000-0000-000000000002',
   'b2000000-0000-0000-0000-000000000002',
   'a0000000-0000-0000-0000-000000000002',
   '2026-01-05 08:30:00',
   'Migraines récurrentes',
   'Céphalées intenses 2-3x/semaine, photophobie, nausées',
   'Migraine sans aura – syndrome migraneux chronique',
   'Sumatriptan 50mg à la crise + Topiramate 25mg/j en prévention',
   '118/75', 65, 37.0, 61.0,
   'Journal de migraines recommandé. Exclure causes secondaires.',
   'SOUMIS', NOW(), NOW());

-- ────────────────────────────────────────────────────────────
-- 8. ALLERGIES
-- ────────────────────────────────────────────────────────────
INSERT INTO allergies (id, carnet_id, medecin_id, nom_allergene, type_reaction,
                       severite, symptomes, traitement_urgence, actif,
                       date_decouverte, notes, created_at, updated_at)
VALUES
  -- Jean : allergie Pénicilline
  ('g1000000-0000-0000-0000-000000000001',
   'd1000000-0000-0000-0000-000000000001',
   'b2000000-0000-0000-0000-000000000001',
   'Pénicilline', 'MEDICAMENT',
   'SEVERE',
   'Urticaire généralisée, oedème de Quincke',
   'Adrénaline 0.3mg IM + antihistaminiques IV + appel SAMU',
   true, '2018-03-20',
   'Allergie confirmée par test cutané. Éviter tous les béta-lactamines.',
   NOW(), NOW()),

  -- Jean : intolérance Aspirine (modérée)
  ('g1000000-0000-0000-0000-000000000002',
   'd1000000-0000-0000-0000-000000000001',
   'b2000000-0000-0000-0000-000000000001',
   'Aspirine (AAS)', 'MEDICAMENT',
   'MODEREE',
   'Bronchospasme, rhinorrhée',
   'Bronchodilatateur + antihistaminiques',
   true, '2025-12-15',
   'Découverte lors de la prescription. Utiliser paracétamol ou ibuprofène à la place.',
   NOW(), NOW()),

  -- Marie : allergie Arachides
  ('g1000000-0000-0000-0000-000000000003',
   'd1000000-0000-0000-0000-000000000002',
   'b2000000-0000-0000-0000-000000000002',
   'Arachides', 'ALIMENTAIRE',
   'SEVERE',
   'Choc anaphylactique, fermeture de la gorge',
   'Auto-injecteur d''adrénaline (EpiPen) + SAMU',
   true, '2010-06-14',
   'Allergie connue depuis l''enfance. Porte toujours un EpiPen.',
   NOW(), NOW());

-- ────────────────────────────────────────────────────────────
-- 9. ORDONNANCES
-- ────────────────────────────────────────────────────────────
INSERT INTO ordonnances (id, carnet_id, medecin_id, hopital_id,
                         numero_ordonnance, date_prescription, date_expiration,
                         medicaments, instructions_generales, statut,
                         created_at, updated_at)
VALUES
  -- Ordonnance 1 : Jean – HTA (Nov 2025)
  ('h1000000-0000-0000-0000-000000000001',
   'd1000000-0000-0000-0000-000000000001',
   'b2000000-0000-0000-0000-000000000001',
   'a0000000-0000-0000-0000-000000000001',
   'ORD-DEMO-001',
   '2025-11-10', '2026-02-10',
   '[
     {"nom":"Amlodipine","dosage":"5mg","frequence":"1x/jour","duree":"3 mois","instructions":"À prendre le soir au coucher"},
     {"nom":"Régime hyposodé","dosage":"","frequence":"Permanent","duree":"Permanent","instructions":"Sel < 5g/jour"}
   ]',
   'Surveiller la tension chaque semaine. Consulter si > 160/100.',
   'ACTIVE',
   NOW(), NOW()),

  -- Ordonnance 2 : Jean – HTA renforcé (Déc 2025)
  ('h1000000-0000-0000-0000-000000000002',
   'd1000000-0000-0000-0000-000000000001',
   'b2000000-0000-0000-0000-000000000001',
   'a0000000-0000-0000-0000-000000000001',
   'ORD-DEMO-002',
   '2025-12-15', '2026-03-15',
   '[
     {"nom":"Amlodipine","dosage":"10mg","frequence":"1x/jour","duree":"3 mois","instructions":"À prendre le matin"},
     {"nom":"Bisoprolol","dosage":"2.5mg","frequence":"1x/jour","duree":"3 mois","instructions":"Ne pas arrêter brusquement"}
   ]',
   'Urgence si douleur thoracique persistante > 10min. Appeler le 15.',
   'ACTIVE',
   NOW(), NOW()),

  -- Ordonnance 3 : Marie – Migraines (Jan 2026)
  ('h1000000-0000-0000-0000-000000000003',
   'd1000000-0000-0000-0000-000000000002',
   'b2000000-0000-0000-0000-000000000002',
   'a0000000-0000-0000-0000-000000000002',
   'ORD-DEMO-003',
   '2026-01-05', '2026-04-05',
   '[
     {"nom":"Sumatriptan","dosage":"50mg","frequence":"À la crise (max 2x/j)","duree":"Selon besoin","instructions":"Prendre dès les premiers symptômes"},
     {"nom":"Topiramate","dosage":"25mg","frequence":"1x/jour le soir","duree":"3 mois","instructions":"Augmentation progressive de la dose selon tolérance"}
   ]',
   'Tenir un journal des crises. Revoir si > 4 crises/mois.',
   'ACTIVE',
   NOW(), NOW());

	at org.springframework.beans.factory.support.AbstractAutowireCapableBeanFactory.initializeBean(AbstractAutowireCapableBeanFactory.java:1786) ~[spring-beans-6.1.4.jar:6.1.4]
	at org.springframework.beans.factory.support.AbstractAutowireCapableBeanFactory.doCreateBean(AbstractAutowireCapableBeanFactory.java:600) ~[spring-beans-6.1.4.jar:6.1.4]
	at org.springframework.beans.factory.support.AbstractAutowireCapableBeanFactory.createBean(AbstractAutowireCapableBeanFactory.java:522) ~[spring-beans-6.1.4.jar:6.1.4]
	at org.springframework.beans.factory.support.AbstractBeanFactory.lambda$doGetBean$0(AbstractBeanFactory.java:325) ~[spring-beans-6.1.4.jar:6.1.4]
	at org.springframework.beans.factory.support.DefaultSingletonBeanRegistry.getSingleton(DefaultSingletonBeanRegistry.java:234) ~[spring-beans-6.1.4.jar:6.1.4]
	at org.springframework.beans.factory.support.AbstractBeanFactory.doGetBean(AbstractBeanFactory.java:323) ~[spring-beans-6.1.4.jar:6.1.4]
	at org.springframework.beans.factory.support.AbstractBeanFactory.getBean(AbstractBeanFactory.java:199) ~[spring-beans-6.1.4.jar:6.1.4]
	at org.springframework.beans.factory.support.AbstractBeanFactory.doGetBean(AbstractBeanFactory.java:312) ~[spring-beans-6.1.4.jar:6.1.4]
	at org.springframework.beans.factory.support.AbstractBeanFactory.getBean(AbstractBeanFactory.java:199) ~[spring-beans-6.1.4.jar:6.1.4]
	at org.springframework.beans.factory.support.BeanDefinitionValueResolver.resolveReference(BeanDefinitionValueResolver.java:365) ~[spring-beans-6.1.4.jar:6.1.4]
	... 97 common frames omitted
Caused by: org.flywaydb.core.internal.command.DbMigrate$FlywayMigrateException: Migration V4__seed_demo_data.sql failed
---------------------------------------
SQL State  : 42601
Error Code : 0
Message    : ERROR: syntax error at or near "insuffisance"
  Position : 582
Location   : db/migration/V4__seed_demo_data.sql (/home/bala/CSCM_PROJECT/backend/target/classes/db/migration/V4__seed_demo_data.sql)
Line       : 30
Statement  : -- ────────────────────────────────────────────────────────────
-- 2. MEDECINS – Profils professionnels
-- ────────────────────────────────────────────────────────────
INSERT INTO medecins (id, user_id, specialite, numero_ordre, hopital_affiliation,
                      statut, annees_experience, biographie, created_at, updated_at)
VALUES
  ('b2000000-0000-0000-0000-000000000001',
   'b1000000-0000-0000-0000-000000000001',
   'Cardiologie', 'CM-CARD-00145', 'Hôpital Central de Yaoundé',
   'VALIDE', 12,
   'Cardiologue senior spécialisé dans les maladies coronariennes et l'insuffisance cardiaque.',
   NOW(), NOW()),

  ('b2000000-0000-0000-0000-000000000002',
   'b1000000-0000-0000-0000-000000000002',
   'Pédiatrie', 'CM-PED-00289', 'CHU de Douala',
   'VALIDE', 8,
   'Pédiatre expérimentée, spécialisée dans la nutrition infantile et les maladies infectieuses.',
   NOW(), NOW());

-- ────────────────────────────────────────────────────────────
-- 3. USERS – Patients
-- ────────────────────────────────────────────────────────────
INSERT INTO users (id, email, mot_de_passe_hash, role, nom_complet, telephone,
                   email_verifie, telephone_verifie, deux_facteurs, compte_actif,
                   created_at, updated_at)
VALUES
  -- Jean Kamga — mot de passe : DemoPass123!
  ('c1000000-0000-0000-0000-000000000001',
   'jean.kamga@patient.cm',
   '$2a$10$aoWMhy0z/powAnnKSasOH.WRKdxCmnaIRA3hOwGvyJswpRJzhE70m',
   'PATIENT', 'Jean Kamga', '+237677000001',
   true, false, false, true, NOW(), NOW()),

  -- Marie Ngo — mot de passe : DemoPass123!
  ('c1000000-0000-0000-0000-000000000002',
   'marie.ngo@patient.cm',
   '$2a$10$aoWMhy0z/powAnnKSasOH.WRKdxCmnaIRA3hOwGvyJswpRJzhE70m',
   'PATIENT', 'Marie Ngo', '+237677000002',
   true, false, false, true, NOW(), NOW());

-- ────────────────────────────────────────────────────────────
-- 4. PATIENTS – Profils (infos médicales générales)
-- ────────────────────────────────────────────────────────────
INSERT INTO patients (id, user_id, date_naissance, sexe, groupe_sanguin,
                      taille_cm, poids_kg, adresse, ville, pays,
                      contact_urgence_nom, contact_urgence_telephone,
                      created_at, updated_at)
VALUES
  ('c2000000-0000-0000-0000-000000000001',
   'c1000000-0000-0000-0000-000000000001',
   '1985-04-12', 'MASCULIN', 'O+',
   178, 82.5, '45 rue de la Paix', 'Yaoundé', 'Cameroun',
   'Jeanne Kamga', '+237677000099',
   NOW(), NOW()),

  ('c2000000-0000-0000-0000-000000000002',
   'c1000000-0000-0000-0000-000000000002',
   '1992-09-23', 'FEMININ', 'A+',
   165, 61.0, '12 avenue Kennedy', 'Douala', 'Cameroun',
   'Paul Ngo', '+237677000098',
   NOW(), NOW());

-- ────────────────────────────────────────────────────────────
-- 5. CARNETS MÉDICAUX
-- ────────────────────────────────────────────────────────────
INSERT INTO carnets_medicaux (id, patient_id, version, statut, abonnement_actif,
                              notes_generales, created_at, updated_at)
VALUES
  ('d1000000-0000-0000-0000-000000000001',
   'c2000000-0000-0000-0000-000000000001',
   1, 'actif', true,
   'Patient hypertendu sous traitement continu. Surveiller la pression artérielle mensuellement.',
   NOW(), NOW()),

  ('d1000000-0000-0000-0000-000000000002',
   'c2000000-0000-0000-0000-000000000002',
   1, 'actif', true,
   'Patiente sans antécédents majeurs. Suivie pour migraines chroniques.',
   NOW(), NOW());

-- ────────────────────────────────────────────────────────────
-- 6. APPROBATIONS – Les patients autorisent leurs médecins
-- ────────────────────────────────────────────────────────────
INSERT INTO approbations_medecins (id, carnet_id, medecin_id, actif,
                                   date_approbation, date_expiration,
                                   peut_creer_consultation, peut_creer_ordonnance,
                                   peut_voir_historique, motif_revocation, created_at, updated_at)
VALUES
  -- Jean autorise Dr. Dupuis
  ('e1000000-0000-0000-0000-000000000001',
   'd1000000-0000-0000-0000-000000000001',
   'b2000000-0000-0000-0000-000000000001',
   true, NOW(), NULL,
   true, true, true, NULL, NOW(), NOW()),

  -- Marie autorise Dr. Nguemo
  ('e1000000-0000-0000-0000-000000000002',
   'd1000000-0000-0000-0000-000000000002',
   'b2000000-0000-0000-0000-000000000002',
   true, NOW(), NULL,
   true, true, true, NULL, NOW(), NOW());

-- ────────────────────────────────────────────────────────────
-- 7. CONSULTATIONS (carnet de Jean – Dr. Dupuis)
-- ────────────────────────────────────────────────────────────
INSERT INTO consultations (id, carnet_id, medecin_id, hopital_id,
                           date_consultation, motif, symptomes, diagnostic,
                           traitement, tension_arterielle, frequence_cardiaque,
                           temperature, poids, notes, statut, created_at, updated_at)
VALUES
  ('f1000000-0000-0000-0000-000000000001',
   'd1000000-0000-0000-0000-000000000001',
   'b2000000-0000-0000-0000-000000000001',
   'a0000000-0000-0000-0000-000000000001',
   '2025-11-10 09:00:00',
   'Contrôle tension artérielle',
   'Maux de tête fréquents, vision légèrement floue',
   'Hypertension artérielle stade 1 confirmée',
   'Amlodipine 5mg/j + régime hyposodé',
   '145/92', 78, 37.1, 82.5,
   'Revoir dans 1 mois. ECG normal.',
   'SOUMIS', NOW(), NOW()),

  ('f1000000-0000-0000-0000-000000000002',
   'd1000000-0000-0000-0000-000000000001',
   'b2000000-0000-0000-0000-000000000001',
   'a0000000-0000-0000-0000-000000000001',
   '2025-12-15 10:30:00',
   'Suivi HTA + douleurs thoraciques occasionnelles',
   'Douleurs thoraciques à l'effort, essouflement modéré',
   'Angor stable possible – bilan complémentaire prescrit',
   'Amlodipine 10mg/j + Bétabloquant + Aspirine 75mg',
   '138/88', 72, 36.9, 81.0,
   'Echo cardiaque demandée. Surveillance renforcée.',
   'SOUMIS', NOW(), NOW()),

  ('f1000000-0000-0000-0000-000000000003',
   'd1000000-0000-0000-0000-000000000001',
   'b2000000-0000-0000-0000-000000000001',
   'a0000000-0000-0000-0000-000000000001',
   '2026-01-20 11:00:00',
   'Résultats écho cardiaque',
   'Résultats rassurants, légère hypertrophie VG',
   'Cardiopathie hypertensive débutante',
   'Traitement maintenu + activité physique adaptée 30min/j',
   '132/85', 70, 36.8, 80.5,
   'Prochain contrôle dans 3 mois.',
   'SOUMIS', NOW(), NOW());

-- Consultation de Marie – Dr. Nguemo
INSERT INTO consultations (id, carnet_id, medecin_id, hopital_id,
                           date_consultation, motif, symptomes, diagnostic,
                           traitement, tension_arterielle, frequence_cardiaque,
                           temperature, poids, notes, statut, created_at, updated_at)
VALUES
  ('f1000000-0000-0000-0000-000000000004',
   'd1000000-0000-0000-0000-000000000002',
   'b2000000-0000-0000-0000-000000000002',
   'a0000000-0000-0000-0000-000000000002',
   '2026-01-05 08:30:00',
   'Migraines récurrentes',
   'Céphalées intenses 2-3x/semaine, photophobie, nausées',
   'Migraine sans aura – syndrome migraneux chronique',
   'Sumatriptan 50mg à la crise + Topiramate 25mg/j en prévention',
   '118/75', 65, 37.0, 61.0,
   'Journal de migraines recommandé. Exclure causes secondaires.',
   'SOUMIS', NOW(), NOW());

-- ────────────────────────────────────────────────────────────
-- 8. ALLERGIES
-- ────────────────────────────────────────────────────────────
INSERT INTO allergies (id, carnet_id, medecin_id, nom_allergene, type_reaction,
                       severite, symptomes, traitement_urgence, actif,
                       date_decouverte, notes, created_at, updated_at)
VALUES
  -- Jean : allergie Pénicilline
  ('g1000000-0000-0000-0000-000000000001',
   'd1000000-0000-0000-0000-000000000001',
   'b2000000-0000-0000-0000-000000000001',
   'Pénicilline', 'MEDICAMENT',
   'SEVERE',
   'Urticaire généralisée, oedème de Quincke',
   'Adrénaline 0.3mg IM + antihistaminiques IV + appel SAMU',
   true, '2018-03-20',
   'Allergie confirmée par test cutané. Éviter tous les béta-lactamines.',
   NOW(), NOW()),

  -- Jean : intolérance Aspirine (modérée)
  ('g1000000-0000-0000-0000-000000000002',
   'd1000000-0000-0000-0000-000000000001',
   'b2000000-0000-0000-0000-000000000001',
   'Aspirine (AAS)', 'MEDICAMENT',
   'MODEREE',
   'Bronchospasme, rhinorrhée',
   'Bronchodilatateur + antihistaminiques',
   true, '2025-12-15',
   'Découverte lors de la prescription. Utiliser paracétamol ou ibuprofène à la place.',
   NOW(), NOW()),

  -- Marie : allergie Arachides
  ('g1000000-0000-0000-0000-000000000003',
   'd1000000-0000-0000-0000-000000000002',
   'b2000000-0000-0000-0000-000000000002',
   'Arachides', 'ALIMENTAIRE',
   'SEVERE',
   'Choc anaphylactique, fermeture de la gorge',
   'Auto-injecteur d''adrénaline (EpiPen) + SAMU',
   true, '2010-06-14',
   'Allergie connue depuis l''enfance. Porte toujours un EpiPen.',
   NOW(), NOW());

-- ────────────────────────────────────────────────────────────
-- 9. ORDONNANCES
-- ────────────────────────────────────────────────────────────
INSERT INTO ordonnances (id, carnet_id, medecin_id, hopital_id,
                         numero_ordonnance, date_prescription, date_expiration,
                         medicaments, instructions_generales, statut,
                         created_at, updated_at)
VALUES
  -- Ordonnance 1 : Jean – HTA (Nov 2025)
  ('h1000000-0000-0000-0000-000000000001',
   'd1000000-0000-0000-0000-000000000001',
   'b2000000-0000-0000-0000-000000000001',
   'a0000000-0000-0000-0000-000000000001',
   'ORD-DEMO-001',
   '2025-11-10', '2026-02-10',
   '[
     {"nom":"Amlodipine","dosage":"5mg","frequence":"1x/jour","duree":"3 mois","instructions":"À prendre le soir au coucher"},
     {"nom":"Régime hyposodé","dosage":"","frequence":"Permanent","duree":"Permanent","instructions":"Sel < 5g/jour"}
   ]',
   'Surveiller la tension chaque semaine. Consulter si > 160/100.',
   'ACTIVE',
   NOW(), NOW()),

  -- Ordonnance 2 : Jean – HTA renforcé (Déc 2025)
  ('h1000000-0000-0000-0000-000000000002',
   'd1000000-0000-0000-0000-000000000001',
   'b2000000-0000-0000-0000-000000000001',
   'a0000000-0000-0000-0000-000000000001',
   'ORD-DEMO-002',
   '2025-12-15', '2026-03-15',
   '[
     {"nom":"Amlodipine","dosage":"10mg","frequence":"1x/jour","duree":"3 mois","instructions":"À prendre le matin"},
     {"nom":"Bisoprolol","dosage":"2.5mg","frequence":"1x/jour","duree":"3 mois","instructions":"Ne pas arrêter brusquement"}
   ]',
   'Urgence si douleur thoracique persistante > 10min. Appeler le 15.',
   'ACTIVE',
   NOW(), NOW()),

  -- Ordonnance 3 : Marie – Migraines (Jan 2026)
  ('h1000000-0000-0000-0000-000000000003',
   'd1000000-0000-0000-0000-000000000002',
   'b2000000-0000-0000-0000-000000000002',
   'a0000000-0000-0000-0000-000000000002',
   'ORD-DEMO-003',
   '2026-01-05', '2026-04-05',
   '[
     {"nom":"Sumatriptan","dosage":"50mg","frequence":"À la crise (max 2x/j)","duree":"Selon besoin","instructions":"Prendre dès les premiers symptômes"},
     {"nom":"Topiramate","dosage":"25mg","frequence":"1x/jour le soir","duree":"3 mois","instructions":"Augmentation progressive de la dose selon tolérance"}
   ]',
   'Tenir un journal des crises. Revoir si > 4 crises/mois.',
   'ACTIVE',
   NOW(), NOW());

	at org.flywaydb.core.internal.command.DbMigrate.doMigrateGroup(DbMigrate.java:382) ~[flyway-core-9.22.3.jar:na]
	at org.flywaydb.core.internal.command.DbMigrate.lambda$applyMigrations$1(DbMigrate.java:272) ~[flyway-core-9.22.3.jar:na]
	at org.flywaydb.core.internal.jdbc.TransactionalExecutionTemplate.execute(TransactionalExecutionTemplate.java:55) ~[flyway-core-9.22.3.jar:na]
	at org.flywaydb.core.internal.command.DbMigrate.applyMigrations(DbMigrate.java:271) ~[flyway-core-9.22.3.jar:na]
	at org.flywaydb.core.internal.command.DbMigrate.migrateGroup(DbMigrate.java:244) ~[flyway-core-9.22.3.jar:na]
	at org.flywaydb.core.internal.command.DbMigrate.lambda$migrateAll$0(DbMigrate.java:139) ~[flyway-core-9.22.3.jar:na]
	at org.flywaydb.core.internal.database.postgresql.PostgreSQLAdvisoryLockTemplate.execute(PostgreSQLAdvisoryLockTemplate.java:73) ~[flyway-core-9.22.3.jar:na]
	at org.flywaydb.core.internal.database.postgresql.PostgreSQLAdvisoryLockTemplate.lambda$execute$0(PostgreSQLAdvisoryLockTemplate.java:56) ~[flyway-core-9.22.3.jar:na]
	at org.flywaydb.core.internal.jdbc.TransactionalExecutionTemplate.execute(TransactionalExecutionTemplate.java:55) ~[flyway-core-9.22.3.jar:na]
	at org.flywaydb.core.internal.database.postgresql.PostgreSQLAdvisoryLockTemplate.execute(PostgreSQLAdvisoryLockTemplate.java:56) ~[flyway-core-9.22.3.jar:na]
	at org.flywaydb.core.internal.database.postgresql.PostgreSQLConnection.lock(PostgreSQLConnection.java:96) ~[flyway-core-9.22.3.jar:na]
	at org.flywaydb.core.internal.schemahistory.JdbcTableSchemaHistory.lock(JdbcTableSchemaHistory.java:144) ~[flyway-core-9.22.3.jar:na]
	at org.flywaydb.core.internal.command.DbMigrate.migrateAll(DbMigrate.java:139) ~[flyway-core-9.22.3.jar:na]
	at org.flywaydb.core.internal.command.DbMigrate.migrate(DbMigrate.java:97) ~[flyway-core-9.22.3.jar:na]
	at org.flywaydb.core.Flyway.lambda$migrate$0(Flyway.java:188) ~[flyway-core-9.22.3.jar:na]
	at org.flywaydb.core.FlywayExecutor.execute(FlywayExecutor.java:213) ~[flyway-core-9.22.3.jar:na]
	at org.flywaydb.core.Flyway.migrate(Flyway.java:140) ~[flyway-core-9.22.3.jar:na]
	at org.springframework.boot.autoconfigure.flyway.FlywayMigrationInitializer.afterPropertiesSet(FlywayMigrationInitializer.java:66) ~[spring-boot-autoconfigure-3.2.3.jar:3.2.3]
	at org.springframework.beans.factory.support.AbstractAutowireCapableBeanFactory.invokeInitMethods(AbstractAutowireCapableBeanFactory.java:1833) ~[spring-beans-6.1.4.jar:6.1.4]
	at org.springframework.beans.factory.support.AbstractAutowireCapableBeanFactory.initializeBean(AbstractAutowireCapableBeanFactory.java:1782) ~[spring-beans-6.1.4.jar:6.1.4]
	... 106 common frames omitted
Caused by: org.flywaydb.core.internal.sqlscript.FlywaySqlScriptException: Migration V4__seed_demo_data.sql failed
---------------------------------------
SQL State  : 42601
Error Code : 0
Message    : ERROR: syntax error at or near "insuffisance"
  Position : 582
Location   : db/migration/V4__seed_demo_data.sql (/home/bala/CSCM_PROJECT/backend/target/classes/db/migration/V4__seed_demo_data.sql)
Line       : 30
Statement  : -- ────────────────────────────────────────────────────────────
-- 2. MEDECINS – Profils professionnels
-- ────────────────────────────────────────────────────────────
INSERT INTO medecins (id, user_id, specialite, numero_ordre, hopital_affiliation,
                      statut, annees_experience, biographie, created_at, updated_at)
VALUES
  ('b2000000-0000-0000-0000-000000000001',
   'b1000000-0000-0000-0000-000000000001',
   'Cardiologie', 'CM-CARD-00145', 'Hôpital Central de Yaoundé',
   'VALIDE', 12,
   'Cardiologue senior spécialisé dans les maladies coronariennes et l'insuffisance cardiaque.',
   NOW(), NOW()),

  ('b2000000-0000-0000-0000-000000000002',
   'b1000000-0000-0000-0000-000000000002',
   'Pédiatrie', 'CM-PED-00289', 'CHU de Douala',
   'VALIDE', 8,
   'Pédiatre expérimentée, spécialisée dans la nutrition infantile et les maladies infectieuses.',
   NOW(), NOW());

-- ────────────────────────────────────────────────────────────
-- 3. USERS – Patients
-- ────────────────────────────────────────────────────────────
INSERT INTO users (id, email, mot_de_passe_hash, role, nom_complet, telephone,
                   email_verifie, telephone_verifie, deux_facteurs, compte_actif,
                   created_at, updated_at)
VALUES
  -- Jean Kamga — mot de passe : DemoPass123!
  ('c1000000-0000-0000-0000-000000000001',
   'jean.kamga@patient.cm',
   '$2a$10$aoWMhy0z/powAnnKSasOH.WRKdxCmnaIRA3hOwGvyJswpRJzhE70m',
   'PATIENT', 'Jean Kamga', '+237677000001',
   true, false, false, true, NOW(), NOW()),

  -- Marie Ngo — mot de passe : DemoPass123!
  ('c1000000-0000-0000-0000-000000000002',
   'marie.ngo@patient.cm',
   '$2a$10$aoWMhy0z/powAnnKSasOH.WRKdxCmnaIRA3hOwGvyJswpRJzhE70m',
   'PATIENT', 'Marie Ngo', '+237677000002',
   true, false, false, true, NOW(), NOW());

-- ────────────────────────────────────────────────────────────
-- 4. PATIENTS – Profils (infos médicales générales)
-- ────────────────────────────────────────────────────────────
INSERT INTO patients (id, user_id, date_naissance, sexe, groupe_sanguin,
                      taille_cm, poids_kg, adresse, ville, pays,
                      contact_urgence_nom, contact_urgence_telephone,
                      created_at, updated_at)
VALUES
  ('c2000000-0000-0000-0000-000000000001',
   'c1000000-0000-0000-0000-000000000001',
   '1985-04-12', 'MASCULIN', 'O+',
   178, 82.5, '45 rue de la Paix', 'Yaoundé', 'Cameroun',
   'Jeanne Kamga', '+237677000099',
   NOW(), NOW()),

  ('c2000000-0000-0000-0000-000000000002',
   'c1000000-0000-0000-0000-000000000002',
   '1992-09-23', 'FEMININ', 'A+',
   165, 61.0, '12 avenue Kennedy', 'Douala', 'Cameroun',
   'Paul Ngo', '+237677000098',
   NOW(), NOW());

-- ────────────────────────────────────────────────────────────
-- 5. CARNETS MÉDICAUX
-- ────────────────────────────────────────────────────────────
INSERT INTO carnets_medicaux (id, patient_id, version, statut, abonnement_actif,
                              notes_generales, created_at, updated_at)
VALUES
  ('d1000000-0000-0000-0000-000000000001',
   'c2000000-0000-0000-0000-000000000001',
   1, 'actif', true,
   'Patient hypertendu sous traitement continu. Surveiller la pression artérielle mensuellement.',
   NOW(), NOW()),

  ('d1000000-0000-0000-0000-000000000002',
   'c2000000-0000-0000-0000-000000000002',
   1, 'actif', true,
   'Patiente sans antécédents majeurs. Suivie pour migraines chroniques.',
   NOW(), NOW());

-- ────────────────────────────────────────────────────────────
-- 6. APPROBATIONS – Les patients autorisent leurs médecins
-- ────────────────────────────────────────────────────────────
INSERT INTO approbations_medecins (id, carnet_id, medecin_id, actif,
                                   date_approbation, date_expiration,
                                   peut_creer_consultation, peut_creer_ordonnance,
                                   peut_voir_historique, motif_revocation, created_at, updated_at)
VALUES
  -- Jean autorise Dr. Dupuis
  ('e1000000-0000-0000-0000-000000000001',
   'd1000000-0000-0000-0000-000000000001',
   'b2000000-0000-0000-0000-000000000001',
   true, NOW(), NULL,
   true, true, true, NULL, NOW(), NOW()),

  -- Marie autorise Dr. Nguemo
  ('e1000000-0000-0000-0000-000000000002',
   'd1000000-0000-0000-0000-000000000002',
   'b2000000-0000-0000-0000-000000000002',
   true, NOW(), NULL,
   true, true, true, NULL, NOW(), NOW());

-- ────────────────────────────────────────────────────────────
-- 7. CONSULTATIONS (carnet de Jean – Dr. Dupuis)
-- ────────────────────────────────────────────────────────────
INSERT INTO consultations (id, carnet_id, medecin_id, hopital_id,
                           date_consultation, motif, symptomes, diagnostic,
                           traitement, tension_arterielle, frequence_cardiaque,
                           temperature, poids, notes, statut, created_at, updated_at)
VALUES
  ('f1000000-0000-0000-0000-000000000001',
   'd1000000-0000-0000-0000-000000000001',
   'b2000000-0000-0000-0000-000000000001',
   'a0000000-0000-0000-0000-000000000001',
   '2025-11-10 09:00:00',
   'Contrôle tension artérielle',
   'Maux de tête fréquents, vision légèrement floue',
   'Hypertension artérielle stade 1 confirmée',
   'Amlodipine 5mg/j + régime hyposodé',
   '145/92', 78, 37.1, 82.5,
   'Revoir dans 1 mois. ECG normal.',
   'SOUMIS', NOW(), NOW()),

  ('f1000000-0000-0000-0000-000000000002',
   'd1000000-0000-0000-0000-000000000001',
   'b2000000-0000-0000-0000-000000000001',
   'a0000000-0000-0000-0000-000000000001',
   '2025-12-15 10:30:00',
   'Suivi HTA + douleurs thoraciques occasionnelles',
   'Douleurs thoraciques à l'effort, essouflement modéré',
   'Angor stable possible – bilan complémentaire prescrit',
   'Amlodipine 10mg/j + Bétabloquant + Aspirine 75mg',
   '138/88', 72, 36.9, 81.0,
   'Echo cardiaque demandée. Surveillance renforcée.',
   'SOUMIS', NOW(), NOW()),

  ('f1000000-0000-0000-0000-000000000003',
   'd1000000-0000-0000-0000-000000000001',
   'b2000000-0000-0000-0000-000000000001',
   'a0000000-0000-0000-0000-000000000001',
   '2026-01-20 11:00:00',
   'Résultats écho cardiaque',
   'Résultats rassurants, légère hypertrophie VG',
   'Cardiopathie hypertensive débutante',
   'Traitement maintenu + activité physique adaptée 30min/j',
   '132/85', 70, 36.8, 80.5,
   'Prochain contrôle dans 3 mois.',
   'SOUMIS', NOW(), NOW());

-- Consultation de Marie – Dr. Nguemo
INSERT INTO consultations (id, carnet_id, medecin_id, hopital_id,
                           date_consultation, motif, symptomes, diagnostic,
                           traitement, tension_arterielle, frequence_cardiaque,
                           temperature, poids, notes, statut, created_at, updated_at)
VALUES
  ('f1000000-0000-0000-0000-000000000004',
   'd1000000-0000-0000-0000-000000000002',
   'b2000000-0000-0000-0000-000000000002',
   'a0000000-0000-0000-0000-000000000002',
   '2026-01-05 08:30:00',
   'Migraines récurrentes',
   'Céphalées intenses 2-3x/semaine, photophobie, nausées',
   'Migraine sans aura – syndrome migraneux chronique',
   'Sumatriptan 50mg à la crise + Topiramate 25mg/j en prévention',
   '118/75', 65, 37.0, 61.0,
   'Journal de migraines recommandé. Exclure causes secondaires.',
   'SOUMIS', NOW(), NOW());

-- ────────────────────────────────────────────────────────────
-- 8. ALLERGIES
-- ────────────────────────────────────────────────────────────
INSERT INTO allergies (id, carnet_id, medecin_id, nom_allergene, type_reaction,
                       severite, symptomes, traitement_urgence, actif,
                       date_decouverte, notes, created_at, updated_at)
VALUES
  -- Jean : allergie Pénicilline
  ('g1000000-0000-0000-0000-000000000001',
   'd1000000-0000-0000-0000-000000000001',
   'b2000000-0000-0000-0000-000000000001',
   'Pénicilline', 'MEDICAMENT',
   'SEVERE',
   'Urticaire généralisée, oedème de Quincke',
   'Adrénaline 0.3mg IM + antihistaminiques IV + appel SAMU',
   true, '2018-03-20',
   'Allergie confirmée par test cutané. Éviter tous les béta-lactamines.',
   NOW(), NOW()),

  -- Jean : intolérance Aspirine (modérée)
  ('g1000000-0000-0000-0000-000000000002',
   'd1000000-0000-0000-0000-000000000001',
   'b2000000-0000-0000-0000-000000000001',
   'Aspirine (AAS)', 'MEDICAMENT',
   'MODEREE',
   'Bronchospasme, rhinorrhée',
   'Bronchodilatateur + antihistaminiques',
   true, '2025-12-15',
   'Découverte lors de la prescription. Utiliser paracétamol ou ibuprofène à la place.',
   NOW(), NOW()),

  -- Marie : allergie Arachides
  ('g1000000-0000-0000-0000-000000000003',
   'd1000000-0000-0000-0000-000000000002',
   'b2000000-0000-0000-0000-000000000002',
   'Arachides', 'ALIMENTAIRE',
   'SEVERE',
   'Choc anaphylactique, fermeture de la gorge',
   'Auto-injecteur d''adrénaline (EpiPen) + SAMU',
   true, '2010-06-14',
   'Allergie connue depuis l''enfance. Porte toujours un EpiPen.',
   NOW(), NOW());

-- ────────────────────────────────────────────────────────────
-- 9. ORDONNANCES
-- ────────────────────────────────────────────────────────────
INSERT INTO ordonnances (id, carnet_id, medecin_id, hopital_id,
                         numero_ordonnance, date_prescription, date_expiration,
                         medicaments, instructions_generales, statut,
                         created_at, updated_at)
VALUES
  -- Ordonnance 1 : Jean – HTA (Nov 2025)
  ('h1000000-0000-0000-0000-000000000001',
   'd1000000-0000-0000-0000-000000000001',
   'b2000000-0000-0000-0000-000000000001',
   'a0000000-0000-0000-0000-000000000001',
   'ORD-DEMO-001',
   '2025-11-10', '2026-02-10',
   '[
     {"nom":"Amlodipine","dosage":"5mg","frequence":"1x/jour","duree":"3 mois","instructions":"À prendre le soir au coucher"},
     {"nom":"Régime hyposodé","dosage":"","frequence":"Permanent","duree":"Permanent","instructions":"Sel < 5g/jour"}
   ]',
   'Surveiller la tension chaque semaine. Consulter si > 160/100.',
   'ACTIVE',
   NOW(), NOW()),

  -- Ordonnance 2 : Jean – HTA renforcé (Déc 2025)
  ('h1000000-0000-0000-0000-000000000002',
   'd1000000-0000-0000-0000-000000000001',
   'b2000000-0000-0000-0000-000000000001',
   'a0000000-0000-0000-0000-000000000001',
   'ORD-DEMO-002',
   '2025-12-15', '2026-03-15',
   '[
     {"nom":"Amlodipine","dosage":"10mg","frequence":"1x/jour","duree":"3 mois","instructions":"À prendre le matin"},
     {"nom":"Bisoprolol","dosage":"2.5mg","frequence":"1x/jour","duree":"3 mois","instructions":"Ne pas arrêter brusquement"}
   ]',
   'Urgence si douleur thoracique persistante > 10min. Appeler le 15.',
   'ACTIVE',
   NOW(), NOW()),

  -- Ordonnance 3 : Marie – Migraines (Jan 2026)
  ('h1000000-0000-0000-0000-000000000003',
   'd1000000-0000-0000-0000-000000000002',
   'b2000000-0000-0000-0000-000000000002',
   'a0000000-0000-0000-0000-000000000002',
   'ORD-DEMO-003',
   '2026-01-05', '2026-04-05',
   '[
     {"nom":"Sumatriptan","dosage":"50mg","frequence":"À la crise (max 2x/j)","duree":"Selon besoin","instructions":"Prendre dès les premiers symptômes"},
     {"nom":"Topiramate","dosage":"25mg","frequence":"1x/jour le soir","duree":"3 mois","instructions":"Augmentation progressive de la dose selon tolérance"}
   ]',
   'Tenir un journal des crises. Revoir si > 4 crises/mois.',
   'ACTIVE',
   NOW(), NOW());

	at org.flywaydb.core.internal.sqlscript.DefaultSqlScriptExecutor.handleException(DefaultSqlScriptExecutor.java:267) ~[flyway-core-9.22.3.jar:na]
	at org.flywaydb.core.internal.sqlscript.DefaultSqlScriptExecutor.executeStatement(DefaultSqlScriptExecutor.java:222) ~[flyway-core-9.22.3.jar:na]
	at org.flywaydb.core.internal.sqlscript.DefaultSqlScriptExecutor.execute(DefaultSqlScriptExecutor.java:126) ~[flyway-core-9.22.3.jar:na]
	at org.flywaydb.core.internal.resolver.sql.SqlMigrationExecutor.executeOnce(SqlMigrationExecutor.java:68) ~[flyway-core-9.22.3.jar:na]
	at org.flywaydb.core.internal.resolver.sql.SqlMigrationExecutor.lambda$execute$0(SqlMigrationExecutor.java:57) ~[flyway-core-9.22.3.jar:na]
	at org.flywaydb.core.internal.database.DefaultExecutionStrategy.execute(DefaultExecutionStrategy.java:27) ~[flyway-core-9.22.3.jar:na]
	at org.flywaydb.core.internal.resolver.sql.SqlMigrationExecutor.execute(SqlMigrationExecutor.java:56) ~[flyway-core-9.22.3.jar:na]
	at org.flywaydb.core.internal.command.DbMigrate.doMigrateGroup(DbMigrate.java:374) ~[flyway-core-9.22.3.jar:na]
	... 125 common frames omitted
Caused by: org.postgresql.util.PSQLException: ERROR: syntax error at or near "insuffisance"
  Position : 582
	at org.postgresql.core.v3.QueryExecutorImpl.receiveErrorResponse(QueryExecutorImpl.java:2713) ~[postgresql-42.6.1.jar:42.6.1]
	at org.postgresql.core.v3.QueryExecutorImpl.processResults(QueryExecutorImpl.java:2401) ~[postgresql-42.6.1.jar:42.6.1]
	at org.postgresql.core.v3.QueryExecutorImpl.execute(QueryExecutorImpl.java:368) ~[postgresql-42.6.1.jar:42.6.1]
	at org.postgresql.jdbc.PgStatement.executeInternal(PgStatement.java:498) ~[postgresql-42.6.1.jar:42.6.1]
	at org.postgresql.jdbc.PgStatement.execute(PgStatement.java:415) ~[postgresql-42.6.1.jar:42.6.1]
	at org.postgresql.jdbc.PgStatement.executeWithFlags(PgStatement.java:335) ~[postgresql-42.6.1.jar:42.6.1]
	at org.postgresql.jdbc.PgStatement.executeCachedSql(PgStatement.java:321) ~[postgresql-42.6.1.jar:42.6.1]
	at org.postgresql.jdbc.PgStatement.executeWithFlags(PgStatement.java:297) ~[postgresql-42.6.1.jar:42.6.1]
	at org.postgresql.jdbc.PgStatement.execute(PgStatement.java:292) ~[postgresql-42.6.1.jar:42.6.1]
	at com.zaxxer.hikari.pool.ProxyStatement.execute(ProxyStatement.java:94) ~[HikariCP-5.0.1.jar:na]
	at com.zaxxer.hikari.pool.HikariProxyStatement.execute(HikariProxyStatement.java) ~[HikariCP-5.0.1.jar:na]
	at org.flywaydb.core.internal.jdbc.JdbcTemplate.executeStatement(JdbcTemplate.java:201) ~[flyway-core-9.22.3.jar:na]
	at org.flywaydb.core.internal.sqlscript.ParsedSqlStatement.execute(ParsedSqlStatement.java:95) ~[flyway-core-9.22.3.jar:na]
	at org.flywaydb.core.internal.sqlscript.DefaultSqlScriptExecutor.executeStatement(DefaultSqlScriptExecutor.java:210) ~[flyway-core-9.22.3.jar:na]
	... 131 common frames omitted


  .   ____          _            __ _ _
 /\\ / ___'_ __ _ _(_)_ __  __ _ \ \ \ \
( ( )\___ | '_ | '_| | '_ \/ _` | \ \ \ \
 \\/  ___)| |_)| | | | | || (_| |  ) ) ) )
  '  |____| .__|_| |_|_| |_\__, | / / / /
 =========|_|==============|___/=/_/_/_/
[32m :: Spring Boot :: [39m              [2m (v3.2.3)[0;39m

[2m2026-03-03T23:07:49.072+01:00[0;39m [32m INFO[0;39m [35m118167[0;39m [2m---[0;39m [2m[cscm-backend] [  restartedMain][0;39m [2m[0;39m[36mc.cscm.backend.CscmBackendApplication   [0;39m [2m:[0;39m Starting CscmBackendApplication using Java 23 with PID 118167 (/home/bala/CSCM_PROJECT/backend/target/classes started by bala in /home/bala/CSCM_PROJECT/backend)
[2m2026-03-03T23:07:49.072+01:00[0;39m [32mDEBUG[0;39m [35m118167[0;39m [2m---[0;39m [2m[cscm-backend] [  restartedMain][0;39m [2m[0;39m[36mc.cscm.backend.CscmBackendApplication   [0;39m [2m:[0;39m Running with Spring Boot v3.2.3, Spring v6.1.4
[2m2026-03-03T23:07:49.072+01:00[0;39m [32m INFO[0;39m [35m118167[0;39m [2m---[0;39m [2m[cscm-backend] [  restartedMain][0;39m [2m[0;39m[36mc.cscm.backend.CscmBackendApplication   [0;39m [2m:[0;39m No active profile set, falling back to 1 default profile: "default"
[2m2026-03-03T23:07:49.398+01:00[0;39m [32m INFO[0;39m [35m118167[0;39m [2m---[0;39m [2m[cscm-backend] [  restartedMain][0;39m [2m[0;39m[36m.s.d.r.c.RepositoryConfigurationDelegate[0;39m [2m:[0;39m Bootstrapping Spring Data JPA repositories in DEFAULT mode.
[2m2026-03-03T23:07:49.425+01:00[0;39m [32m INFO[0;39m [35m118167[0;39m [2m---[0;39m [2m[cscm-backend] [  restartedMain][0;39m [2m[0;39m[36m.s.d.r.c.RepositoryConfigurationDelegate[0;39m [2m:[0;39m Finished Spring Data repository scanning in 26 ms. Found 17 JPA repository interfaces.
[2m2026-03-03T23:07:49.655+01:00[0;39m [32m INFO[0;39m [35m118167[0;39m [2m---[0;39m [2m[cscm-backend] [  restartedMain][0;39m [2m[0;39m[36mo.s.b.w.embedded.tomcat.TomcatWebServer [0;39m [2m:[0;39m Tomcat initialized with port 8080 (http)
[2m2026-03-03T23:07:49.657+01:00[0;39m [32m INFO[0;39m [35m118167[0;39m [2m---[0;39m [2m[cscm-backend] [  restartedMain][0;39m [2m[0;39m[36mo.apache.catalina.core.StandardService  [0;39m [2m:[0;39m Starting service [Tomcat]
[2m2026-03-03T23:07:49.657+01:00[0;39m [32m INFO[0;39m [35m118167[0;39m [2m---[0;39m [2m[cscm-backend] [  restartedMain][0;39m [2m[0;39m[36mo.apache.catalina.core.StandardEngine   [0;39m [2m:[0;39m Starting Servlet engine: [Apache Tomcat/10.1.19]
[2m2026-03-03T23:07:49.666+01:00[0;39m [32m INFO[0;39m [35m118167[0;39m [2m---[0;39m [2m[cscm-backend] [  restartedMain][0;39m [2m[0;39m[36mo.a.c.c.C.[Tomcat-2].[localhost].[/api] [0;39m [2m:[0;39m Initializing Spring embedded WebApplicationContext
[2m2026-03-03T23:07:49.667+01:00[0;39m [32m INFO[0;39m [35m118167[0;39m [2m---[0;39m [2m[cscm-backend] [  restartedMain][0;39m [2m[0;39m[36mw.s.c.ServletWebServerApplicationContext[0;39m [2m:[0;39m Root WebApplicationContext: initialization completed in 592 ms
[2m2026-03-03T23:07:49.953+01:00[0;39m [32m INFO[0;39m [35m118167[0;39m [2m---[0;39m [2m[cscm-backend] [  restartedMain][0;39m [2m[0;39m[36mcom.zaxxer.hikari.HikariDataSource      [0;39m [2m:[0;39m HikariPool-4 - Starting...
[2m2026-03-03T23:07:49.990+01:00[0;39m [32m INFO[0;39m [35m118167[0;39m [2m---[0;39m [2m[cscm-backend] [  restartedMain][0;39m [2m[0;39m[36mcom.zaxxer.hikari.pool.HikariPool       [0;39m [2m:[0;39m HikariPool-4 - Added connection org.postgresql.jdbc.PgConnection@78692ebe
[2m2026-03-03T23:07:49.990+01:00[0;39m [32m INFO[0;39m [35m118167[0;39m [2m---[0;39m [2m[cscm-backend] [  restartedMain][0;39m [2m[0;39m[36mcom.zaxxer.hikari.HikariDataSource      [0;39m [2m:[0;39m HikariPool-4 - Start completed.
[2m2026-03-03T23:07:50.001+01:00[0;39m [32m INFO[0;39m [35m118167[0;39m [2m---[0;39m [2m[cscm-backend] [  restartedMain][0;39m [2m[0;39m[36morg.flywaydb.core.FlywayExecutor        [0;39m [2m:[0;39m Database: jdbc:postgresql://localhost:5432/cscm_db (PostgreSQL 15.5)
[2m2026-03-03T23:07:50.008+01:00[0;39m [32m INFO[0;39m [35m118167[0;39m [2m---[0;39m [2m[cscm-backend] [  restartedMain][0;39m [2m[0;39m[36mo.f.core.internal.command.DbValidate    [0;39m [2m:[0;39m Successfully validated 4 migrations (execution time 00:00.004s)
[2m2026-03-03T23:07:50.044+01:00[0;39m [32m INFO[0;39m [35m118167[0;39m [2m---[0;39m [2m[cscm-backend] [  restartedMain][0;39m [2m[0;39m[36mo.f.core.internal.command.DbMigrate     [0;39m [2m:[0;39m Current version of schema "public": 3
[2m2026-03-03T23:07:50.054+01:00[0;39m [32m INFO[0;39m [35m118167[0;39m [2m---[0;39m [2m[cscm-backend] [  restartedMain][0;39m [2m[0;39m[36mo.f.core.internal.command.DbMigrate     [0;39m [2m:[0;39m Migrating schema "public" to version "4 - seed demo data"
[2m2026-03-03T23:07:50.057+01:00[0;39m [31mERROR[0;39m [35m118167[0;39m [2m---[0;39m [2m[cscm-backend] [  restartedMain][0;39m [2m[0;39m[36mo.f.core.internal.command.DbMigrate     [0;39m [2m:[0;39m Migration of schema "public" to version "4 - seed demo data" failed! Changes successfully rolled back.
[2m2026-03-03T23:07:50.059+01:00[0;39m [31mERROR[0;39m [35m118167[0;39m [2m---[0;39m [2m[cscm-backend] [  restartedMain][0;39m [2m[0;39m[36mo.s.b.web.embedded.tomcat.TomcatStarter [0;39m [2m:[0;39m Error starting Tomcat context. Exception: org.springframework.beans.factory.UnsatisfiedDependencyException. Message: Error creating bean with name 'jwtAuthFilter' defined in file [/home/bala/CSCM_PROJECT/backend/target/classes/com/cscm/backend/security/JwtAuthFilter.class]: Unsatisfied dependency expressed through constructor parameter 1: Error creating bean with name 'customUserDetailsService' defined in file [/home/bala/CSCM_PROJECT/backend/target/classes/com/cscm/backend/security/CustomUserDetailsService.class]: Unsatisfied dependency expressed through constructor parameter 0: Error creating bean with name 'userRepository' defined in com.cscm.backend.repository.UserRepository defined in @EnableJpaRepositories declared on JpaRepositoriesRegistrar.EnableJpaRepositoriesConfiguration: Cannot resolve reference to bean 'jpaSharedEM_entityManagerFactory' while setting bean property 'entityManager'
[2m2026-03-03T23:07:50.060+01:00[0;39m [32m INFO[0;39m [35m118167[0;39m [2m---[0;39m [2m[cscm-backend] [  restartedMain][0;39m [2m[0;39m[36mo.apache.catalina.core.StandardService  [0;39m [2m:[0;39m Stopping service [Tomcat]
[2m2026-03-03T23:07:50.061+01:00[0;39m [33m WARN[0;39m [35m118167[0;39m [2m---[0;39m [2m[cscm-backend] [  restartedMain][0;39m [2m[0;39m[36mo.a.c.loader.WebappClassLoaderBase      [0;39m [2m:[0;39m The web application [api] appears to have started a thread named [HikariPool-4 housekeeper] but has failed to stop it. This is very likely to create a memory leak. Stack trace of thread:
 java.base/jdk.internal.misc.Unsafe.park(Native Method)
 java.base/java.util.concurrent.locks.LockSupport.parkNanos(LockSupport.java:269)
 java.base/java.util.concurrent.locks.AbstractQueuedSynchronizer$ConditionObject.awaitNanos(AbstractQueuedSynchronizer.java:1763)
 java.base/java.util.concurrent.ScheduledThreadPoolExecutor$DelayedWorkQueue.take(ScheduledThreadPoolExecutor.java:1182)
 java.base/java.util.concurrent.ScheduledThreadPoolExecutor$DelayedWorkQueue.take(ScheduledThreadPoolExecutor.java:899)
 java.base/java.util.concurrent.ThreadPoolExecutor.getTask(ThreadPoolExecutor.java:1070)
 java.base/java.util.concurrent.ThreadPoolExecutor.runWorker(ThreadPoolExecutor.java:1130)
 java.base/java.util.concurrent.ThreadPoolExecutor$Worker.run(ThreadPoolExecutor.java:642)
 java.base/java.lang.Thread.run(Thread.java:1575)
[2m2026-03-03T23:07:50.062+01:00[0;39m [33m WARN[0;39m [35m118167[0;39m [2m---[0;39m [2m[cscm-backend] [  restartedMain][0;39m [2m[0;39m[36mo.a.c.loader.WebappClassLoaderBase      [0;39m [2m:[0;39m The web application [api] appears to have started a thread named [HikariPool-4 connection adder] but has failed to stop it. This is very likely to create a memory leak. Stack trace of thread:
 java.base/java.lang.Math.unsignedMultiplyHigh(Math.java:1430)
 java.base/sun.security.util.math.intpoly.MontgomeryIntegerPolynomialP256.multImpl(MontgomeryIntegerPolynomialP256.java:316)
 java.base/sun.security.util.math.intpoly.MontgomeryIntegerPolynomialP256.mult(MontgomeryIntegerPolynomialP256.java:163)
 java.base/sun.security.util.math.intpoly.IntegerPolynomial$MutableElement.setProduct(IntegerPolynomial.java:753)
 java.base/sun.security.util.math.intpoly.IntegerPolynomial$MutableElement.setProduct(IntegerPolynomial.java:674)
 java.base/sun.security.ec.ECOperations.setSum(ECOperations.java:407)
 java.base/sun.security.ec.ECOperations$DefaultMultiplier.pointMultiply(ECOperations.java:531)
 java.base/sun.security.ec.ECOperations.multiply(ECOperations.java:214)
 java.base/sun.security.ec.ECOperations.multiply(ECOperations.java:226)
 java.base/sun.security.ec.ECDHKeyAgreement.validate(ECDHKeyAgreement.java:212)
 java.base/sun.security.ec.ECDHKeyAgreement.engineDoPhase(ECDHKeyAgreement.java:148)
 java.base/javax.crypto.KeyAgreement.doPhase(KeyAgreement.java:581)
 java.base/sun.security.ssl.KAKeyDerivation.t13DeriveKey(KAKeyDerivation.java:103)
 java.base/sun.security.ssl.KAKeyDerivation.deriveKey(KAKeyDerivation.java:63)
 java.base/sun.security.ssl.ServerHello$T13ServerHelloConsumer.consume(ServerHello.java:1292)
 java.base/sun.security.ssl.ServerHello$ServerHelloConsumer.onServerHello(ServerHello.java:1010)
 java.base/sun.security.ssl.ServerHello$ServerHelloConsumer.consume(ServerHello.java:898)
 java.base/sun.security.ssl.SSLHandshake.consume(SSLHandshake.java:393)
 java.base/sun.security.ssl.HandshakeContext.dispatch(HandshakeContext.java:476)
 java.base/sun.security.ssl.HandshakeContext.dispatch(HandshakeContext.java:447)
 java.base/sun.security.ssl.TransportContext.dispatch(TransportContext.java:201)
 java.base/sun.security.ssl.SSLTransport.decode(SSLTransport.java:172)
 java.base/sun.security.ssl.SSLSocketImpl.decode(SSLSocketImpl.java:1507)
 java.base/sun.security.ssl.SSLSocketImpl.readHandshakeRecord(SSLSocketImpl.java:1422)
 java.base/sun.security.ssl.SSLSocketImpl.startHandshake(SSLSocketImpl.java:455)
 java.base/sun.security.ssl.SSLSocketImpl.startHandshake(SSLSocketImpl.java:426)
 org.postgresql.ssl.MakeSSL.convert(MakeSSL.java:41)
 org.postgresql.core.v3.ConnectionFactoryImpl.enableSSL(ConnectionFactoryImpl.java:620)
 org.postgresql.core.v3.ConnectionFactoryImpl.tryConnect(ConnectionFactoryImpl.java:191)
 org.postgresql.core.v3.ConnectionFactoryImpl.openConnectionImpl(ConnectionFactoryImpl.java:258)
 org.postgresql.core.ConnectionFactory.openConnection(ConnectionFactory.java:54)
 org.postgresql.jdbc.PgConnection.<init>(PgConnection.java:263)
 org.postgresql.Driver.makeConnection(Driver.java:443)
 org.postgresql.Driver.connect(Driver.java:297)
 com.zaxxer.hikari.util.DriverDataSource.getConnection(DriverDataSource.java:138)
 com.zaxxer.hikari.pool.PoolBase.newConnection(PoolBase.java:359)
 com.zaxxer.hikari.pool.PoolBase.newPoolEntry(PoolBase.java:201)
 com.zaxxer.hikari.pool.HikariPool.createPoolEntry(HikariPool.java:470)
 com.zaxxer.hikari.pool.HikariPool$PoolEntryCreator.call(HikariPool.java:733)
 com.zaxxer.hikari.pool.HikariPool$PoolEntryCreator.call(HikariPool.java:712)
 java.base/java.util.concurrent.FutureTask.run(FutureTask.java:317)
 java.base/java.util.concurrent.ThreadPoolExecutor.runWorker(ThreadPoolExecutor.java:1144)
 java.base/java.util.concurrent.ThreadPoolExecutor$Worker.run(ThreadPoolExecutor.java:642)
 java.base/java.lang.Thread.run(Thread.java:1575)
[2m2026-03-03T23:07:50.062+01:00[0;39m [33m WARN[0;39m [35m118167[0;39m [2m---[0;39m [2m[cscm-backend] [  restartedMain][0;39m [2m[0;39m[36mConfigServletWebServerApplicationContext[0;39m [2m:[0;39m Exception encountered during context initialization - cancelling refresh attempt: org.springframework.context.ApplicationContextException: Unable to start web server
[2m2026-03-03T23:07:50.062+01:00[0;39m [32m INFO[0;39m [35m118167[0;39m [2m---[0;39m [2m[cscm-backend] [  restartedMain][0;39m [2m[0;39m[36mcom.zaxxer.hikari.HikariDataSource      [0;39m [2m:[0;39m HikariPool-4 - Shutdown initiated...
[2m2026-03-03T23:07:50.104+01:00[0;39m [32m INFO[0;39m [35m118167[0;39m [2m---[0;39m [2m[cscm-backend] [  restartedMain][0;39m [2m[0;39m[36mcom.zaxxer.hikari.HikariDataSource      [0;39m [2m:[0;39m HikariPool-4 - Shutdown completed.
[2m2026-03-03T23:07:50.133+01:00[0;39m [32m INFO[0;39m [35m118167[0;39m [2m---[0;39m [2m[cscm-backend] [  restartedMain][0;39m [2m[0;39m[36m.s.b.a.l.ConditionEvaluationReportLogger[0;39m [2m:[0;39m 

Error starting ApplicationContext. To display the condition evaluation report re-run your application with 'debug' enabled.
[2m2026-03-03T23:07:50.141+01:00[0;39m [31mERROR[0;39m [35m118167[0;39m [2m---[0;39m [2m[cscm-backend] [  restartedMain][0;39m [2m[0;39m[36mo.s.boot.SpringApplication              [0;39m [2m:[0;39m Application run failed

org.springframework.context.ApplicationContextException: Unable to start web server
	at org.springframework.boot.web.servlet.context.ServletWebServerApplicationContext.onRefresh(ServletWebServerApplicationContext.java:165) ~[spring-boot-3.2.3.jar:3.2.3]
	at org.springframework.context.support.AbstractApplicationContext.refresh(AbstractApplicationContext.java:618) ~[spring-context-6.1.4.jar:6.1.4]
	at org.springframework.boot.web.servlet.context.ServletWebServerApplicationContext.refresh(ServletWebServerApplicationContext.java:146) ~[spring-boot-3.2.3.jar:3.2.3]
	at org.springframework.boot.SpringApplication.refresh(SpringApplication.java:754) ~[spring-boot-3.2.3.jar:3.2.3]
	at org.springframework.boot.SpringApplication.refreshContext(SpringApplication.java:456) ~[spring-boot-3.2.3.jar:3.2.3]
	at org.springframework.boot.SpringApplication.run(SpringApplication.java:334) ~[spring-boot-3.2.3.jar:3.2.3]
	at org.springframework.boot.SpringApplication.run(SpringApplication.java:1354) ~[spring-boot-3.2.3.jar:3.2.3]
	at org.springframework.boot.SpringApplication.run(SpringApplication.java:1343) ~[spring-boot-3.2.3.jar:3.2.3]
	at com.cscm.backend.CscmBackendApplication.main(CscmBackendApplication.java:14) ~[classes/:na]
	at java.base/jdk.internal.reflect.DirectMethodHandleAccessor.invoke(DirectMethodHandleAccessor.java:103) ~[na:na]
	at java.base/java.lang.reflect.Method.invoke(Method.java:580) ~[na:na]
	at org.springframework.boot.devtools.restart.RestartLauncher.run(RestartLauncher.java:50) ~[spring-boot-devtools-3.2.3.jar:3.2.3]
Caused by: org.springframework.boot.web.server.WebServerException: Unable to start embedded Tomcat
	at org.springframework.boot.web.embedded.tomcat.TomcatWebServer.initialize(TomcatWebServer.java:145) ~[spring-boot-3.2.3.jar:3.2.3]
	at org.springframework.boot.web.embedded.tomcat.TomcatWebServer.<init>(TomcatWebServer.java:105) ~[spring-boot-3.2.3.jar:3.2.3]
	at org.springframework.boot.web.embedded.tomcat.TomcatServletWebServerFactory.getTomcatWebServer(TomcatServletWebServerFactory.java:499) ~[spring-boot-3.2.3.jar:3.2.3]
	at org.springframework.boot.web.embedded.tomcat.TomcatServletWebServerFactory.getWebServer(TomcatServletWebServerFactory.java:218) ~[spring-boot-3.2.3.jar:3.2.3]
	at org.springframework.boot.web.servlet.context.ServletWebServerApplicationContext.createWebServer(ServletWebServerApplicationContext.java:188) ~[spring-boot-3.2.3.jar:3.2.3]
	at org.springframework.boot.web.servlet.context.ServletWebServerApplicationContext.onRefresh(ServletWebServerApplicationContext.java:162) ~[spring-boot-3.2.3.jar:3.2.3]
	... 11 common frames omitted
Caused by: org.springframework.beans.factory.UnsatisfiedDependencyException: Error creating bean with name 'jwtAuthFilter' defined in file [/home/bala/CSCM_PROJECT/backend/target/classes/com/cscm/backend/security/JwtAuthFilter.class]: Unsatisfied dependency expressed through constructor parameter 1: Error creating bean with name 'customUserDetailsService' defined in file [/home/bala/CSCM_PROJECT/backend/target/classes/com/cscm/backend/security/CustomUserDetailsService.class]: Unsatisfied dependency expressed through constructor parameter 0: Error creating bean with name 'userRepository' defined in com.cscm.backend.repository.UserRepository defined in @EnableJpaRepositories declared on JpaRepositoriesRegistrar.EnableJpaRepositoriesConfiguration: Cannot resolve reference to bean 'jpaSharedEM_entityManagerFactory' while setting bean property 'entityManager'
	at org.springframework.beans.factory.support.ConstructorResolver.createArgumentArray(ConstructorResolver.java:798) ~[spring-beans-6.1.4.jar:6.1.4]
	at org.springframework.beans.factory.support.ConstructorResolver.autowireConstructor(ConstructorResolver.java:237) ~[spring-beans-6.1.4.jar:6.1.4]
	at org.springframework.beans.factory.support.AbstractAutowireCapableBeanFactory.autowireConstructor(AbstractAutowireCapableBeanFactory.java:1355) ~[spring-beans-6.1.4.jar:6.1.4]
	at org.springframework.beans.factory.support.AbstractAutowireCapableBeanFactory.createBeanInstance(AbstractAutowireCapableBeanFactory.java:1192) ~[spring-beans-6.1.4.jar:6.1.4]
	at org.springframework.beans.factory.support.AbstractAutowireCapableBeanFactory.doCreateBean(AbstractAutowireCapableBeanFactory.java:562) ~[spring-beans-6.1.4.jar:6.1.4]
	at org.springframework.beans.factory.support.AbstractAutowireCapableBeanFactory.createBean(AbstractAutowireCapableBeanFactory.java:522) ~[spring-beans-6.1.4.jar:6.1.4]
	at org.springframework.beans.factory.support.AbstractBeanFactory.lambda$doGetBean$0(AbstractBeanFactory.java:325) ~[spring-beans-6.1.4.jar:6.1.4]
	at org.springframework.beans.factory.support.DefaultSingletonBeanRegistry.getSingleton(DefaultSingletonBeanRegistry.java:234) ~[spring-beans-6.1.4.jar:6.1.4]
	at org.springframework.beans.factory.support.AbstractBeanFactory.doGetBean(AbstractBeanFactory.java:323) ~[spring-beans-6.1.4.jar:6.1.4]
	at org.springframework.beans.factory.support.AbstractBeanFactory.getBean(AbstractBeanFactory.java:204) ~[spring-beans-6.1.4.jar:6.1.4]
	at org.springframework.boot.web.servlet.ServletContextInitializerBeans.getOrderedBeansOfType(ServletContextInitializerBeans.java:210) ~[spring-boot-3.2.3.jar:3.2.3]
	at org.springframework.boot.web.servlet.ServletContextInitializerBeans.addAsRegistrationBean(ServletContextInitializerBeans.java:173) ~[spring-boot-3.2.3.jar:3.2.3]
	at org.springframework.boot.web.servlet.ServletContextInitializerBeans.addAsRegistrationBean(ServletContextInitializerBeans.java:168) ~[spring-boot-3.2.3.jar:3.2.3]
	at org.springframework.boot.web.servlet.ServletContextInitializerBeans.addAdaptableBeans(ServletContextInitializerBeans.java:153) ~[spring-boot-3.2.3.jar:3.2.3]
	at org.springframework.boot.web.servlet.ServletContextInitializerBeans.<init>(ServletContextInitializerBeans.java:86) ~[spring-boot-3.2.3.jar:3.2.3]
	at org.springframework.boot.web.servlet.context.ServletWebServerApplicationContext.getServletContextInitializerBeans(ServletWebServerApplicationContext.java:266) ~[spring-boot-3.2.3.jar:3.2.3]
	at org.springframework.boot.web.servlet.context.ServletWebServerApplicationContext.selfInitialize(ServletWebServerApplicationContext.java:240) ~[spring-boot-3.2.3.jar:3.2.3]
	at org.springframework.boot.web.embedded.tomcat.TomcatStarter.onStartup(TomcatStarter.java:52) ~[spring-boot-3.2.3.jar:3.2.3]
	at org.apache.catalina.core.StandardContext.startInternal(StandardContext.java:4866) ~[tomcat-embed-core-10.1.19.jar:10.1.19]
	at org.apache.catalina.util.LifecycleBase.start(LifecycleBase.java:171) ~[tomcat-embed-core-10.1.19.jar:10.1.19]
	at org.apache.catalina.core.ContainerBase$StartChild.call(ContainerBase.java:1332) ~[tomcat-embed-core-10.1.19.jar:10.1.19]
	at org.apache.catalina.core.ContainerBase$StartChild.call(ContainerBase.java:1322) ~[tomcat-embed-core-10.1.19.jar:10.1.19]
	at java.base/java.util.concurrent.FutureTask.run(FutureTask.java:317) ~[na:na]
	at org.apache.tomcat.util.threads.InlineExecutorService.execute(InlineExecutorService.java:75) ~[tomcat-embed-core-10.1.19.jar:10.1.19]
	at java.base/java.util.concurrent.AbstractExecutorService.submit(AbstractExecutorService.java:148) ~[na:na]
	at org.apache.catalina.core.ContainerBase.startInternal(ContainerBase.java:866) ~[tomcat-embed-core-10.1.19.jar:10.1.19]
	at org.apache.catalina.core.StandardHost.startInternal(StandardHost.java:845) ~[tomcat-embed-core-10.1.19.jar:10.1.19]
	at org.apache.catalina.util.LifecycleBase.start(LifecycleBase.java:171) ~[tomcat-embed-core-10.1.19.jar:10.1.19]
	at org.apache.catalina.core.ContainerBase$StartChild.call(ContainerBase.java:1332) ~[tomcat-embed-core-10.1.19.jar:10.1.19]
	at org.apache.catalina.core.ContainerBase$StartChild.call(ContainerBase.java:1322) ~[tomcat-embed-core-10.1.19.jar:10.1.19]
	at java.base/java.util.concurrent.FutureTask.run(FutureTask.java:317) ~[na:na]
	at org.apache.tomcat.util.threads.InlineExecutorService.execute(InlineExecutorService.java:75) ~[tomcat-embed-core-10.1.19.jar:10.1.19]
	at java.base/java.util.concurrent.AbstractExecutorService.submit(AbstractExecutorService.java:148) ~[na:na]
	at org.apache.catalina.core.ContainerBase.startInternal(ContainerBase.java:866) ~[tomcat-embed-core-10.1.19.jar:10.1.19]
	at org.apache.catalina.core.StandardEngine.startInternal(StandardEngine.java:240) ~[tomcat-embed-core-10.1.19.jar:10.1.19]
	at org.apache.catalina.util.LifecycleBase.start(LifecycleBase.java:171) ~[tomcat-embed-core-10.1.19.jar:10.1.19]
	at org.apache.catalina.core.StandardService.startInternal(StandardService.java:433) ~[tomcat-embed-core-10.1.19.jar:10.1.19]
	at org.apache.catalina.util.LifecycleBase.start(LifecycleBase.java:171) ~[tomcat-embed-core-10.1.19.jar:10.1.19]
	at org.apache.catalina.core.StandardServer.startInternal(StandardServer.java:921) ~[tomcat-embed-core-10.1.19.jar:10.1.19]
	at org.apache.catalina.util.LifecycleBase.start(LifecycleBase.java:171) ~[tomcat-embed-core-10.1.19.jar:10.1.19]
	at org.apache.catalina.startup.Tomcat.start(Tomcat.java:437) ~[tomcat-embed-core-10.1.19.jar:10.1.19]
	at org.springframework.boot.web.embedded.tomcat.TomcatWebServer.initialize(TomcatWebServer.java:126) ~[spring-boot-3.2.3.jar:3.2.3]
	... 16 common frames omitted
Caused by: org.springframework.beans.factory.UnsatisfiedDependencyException: Error creating bean with name 'customUserDetailsService' defined in file [/home/bala/CSCM_PROJECT/backend/target/classes/com/cscm/backend/security/CustomUserDetailsService.class]: Unsatisfied dependency expressed through constructor parameter 0: Error creating bean with name 'userRepository' defined in com.cscm.backend.repository.UserRepository defined in @EnableJpaRepositories declared on JpaRepositoriesRegistrar.EnableJpaRepositoriesConfiguration: Cannot resolve reference to bean 'jpaSharedEM_entityManagerFactory' while setting bean property 'entityManager'
	at org.springframework.beans.factory.support.ConstructorResolver.createArgumentArray(ConstructorResolver.java:798) ~[spring-beans-6.1.4.jar:6.1.4]
	at org.springframework.beans.factory.support.ConstructorResolver.autowireConstructor(ConstructorResolver.java:237) ~[spring-beans-6.1.4.jar:6.1.4]
	at org.springframework.beans.factory.support.AbstractAutowireCapableBeanFactory.autowireConstructor(AbstractAutowireCapableBeanFactory.java:1355) ~[spring-beans-6.1.4.jar:6.1.4]
	at org.springframework.beans.factory.support.AbstractAutowireCapableBeanFactory.createBeanInstance(AbstractAutowireCapableBeanFactory.java:1192) ~[spring-beans-6.1.4.jar:6.1.4]
	at org.springframework.beans.factory.support.AbstractAutowireCapableBeanFactory.doCreateBean(AbstractAutowireCapableBeanFactory.java:562) ~[spring-beans-6.1.4.jar:6.1.4]
	at org.springframework.beans.factory.support.AbstractAutowireCapableBeanFactory.createBean(AbstractAutowireCapableBeanFactory.java:522) ~[spring-beans-6.1.4.jar:6.1.4]
	at org.springframework.beans.factory.support.AbstractBeanFactory.lambda$doGetBean$0(AbstractBeanFactory.java:325) ~[spring-beans-6.1.4.jar:6.1.4]
	at org.springframework.beans.factory.support.DefaultSingletonBeanRegistry.getSingleton(DefaultSingletonBeanRegistry.java:234) ~[spring-beans-6.1.4.jar:6.1.4]
	at org.springframework.beans.factory.support.AbstractBeanFactory.doGetBean(AbstractBeanFactory.java:323) ~[spring-beans-6.1.4.jar:6.1.4]
	at org.springframework.beans.factory.support.AbstractBeanFactory.getBean(AbstractBeanFactory.java:199) ~[spring-beans-6.1.4.jar:6.1.4]
	at org.springframework.beans.factory.config.DependencyDescriptor.resolveCandidate(DependencyDescriptor.java:254) ~[spring-beans-6.1.4.jar:6.1.4]
	at org.springframework.beans.factory.support.DefaultListableBeanFactory.doResolveDependency(DefaultListableBeanFactory.java:1443) ~[spring-beans-6.1.4.jar:6.1.4]
	at org.springframework.beans.factory.support.DefaultListableBeanFactory.resolveDependency(DefaultListableBeanFactory.java:1353) ~[spring-beans-6.1.4.jar:6.1.4]
	at org.springframework.beans.factory.support.ConstructorResolver.resolveAutowiredArgument(ConstructorResolver.java:907) ~[spring-beans-6.1.4.jar:6.1.4]
	at org.springframework.beans.factory.support.ConstructorResolver.createArgumentArray(ConstructorResolver.java:785) ~[spring-beans-6.1.4.jar:6.1.4]
	... 57 common frames omitted
Caused by: org.springframework.beans.factory.BeanCreationException: Error creating bean with name 'userRepository' defined in com.cscm.backend.repository.UserRepository defined in @EnableJpaRepositories declared on JpaRepositoriesRegistrar.EnableJpaRepositoriesConfiguration: Cannot resolve reference to bean 'jpaSharedEM_entityManagerFactory' while setting bean property 'entityManager'
	at org.springframework.beans.factory.support.BeanDefinitionValueResolver.resolveReference(BeanDefinitionValueResolver.java:377) ~[spring-beans-6.1.4.jar:6.1.4]
	at org.springframework.beans.factory.support.BeanDefinitionValueResolver.resolveValueIfNecessary(BeanDefinitionValueResolver.java:135) ~[spring-beans-6.1.4.jar:6.1.4]
	at org.springframework.beans.factory.support.AbstractAutowireCapableBeanFactory.applyPropertyValues(AbstractAutowireCapableBeanFactory.java:1685) ~[spring-beans-6.1.4.jar:6.1.4]
	at org.springframework.beans.factory.support.AbstractAutowireCapableBeanFactory.populateBean(AbstractAutowireCapableBeanFactory.java:1434) ~[spring-beans-6.1.4.jar:6.1.4]
	at org.springframework.beans.factory.support.AbstractAutowireCapableBeanFactory.doCreateBean(AbstractAutowireCapableBeanFactory.java:599) ~[spring-beans-6.1.4.jar:6.1.4]
	at org.springframework.beans.factory.support.AbstractAutowireCapableBeanFactory.createBean(AbstractAutowireCapableBeanFactory.java:522) ~[spring-beans-6.1.4.jar:6.1.4]
	at org.springframework.beans.factory.support.AbstractBeanFactory.lambda$doGetBean$0(AbstractBeanFactory.java:325) ~[spring-beans-6.1.4.jar:6.1.4]
	at org.springframework.beans.factory.support.DefaultSingletonBeanRegistry.getSingleton(DefaultSingletonBeanRegistry.java:234) ~[spring-beans-6.1.4.jar:6.1.4]
	at org.springframework.beans.factory.support.AbstractBeanFactory.doGetBean(AbstractBeanFactory.java:323) ~[spring-beans-6.1.4.jar:6.1.4]
	at org.springframework.beans.factory.support.AbstractBeanFactory.getBean(AbstractBeanFactory.java:199) ~[spring-beans-6.1.4.jar:6.1.4]
	at org.springframework.beans.factory.config.DependencyDescriptor.resolveCandidate(DependencyDescriptor.java:254) ~[spring-beans-6.1.4.jar:6.1.4]
	at org.springframework.beans.factory.support.DefaultListableBeanFactory.doResolveDependency(DefaultListableBeanFactory.java:1443) ~[spring-beans-6.1.4.jar:6.1.4]
	at org.springframework.beans.factory.support.DefaultListableBeanFactory.resolveDependency(DefaultListableBeanFactory.java:1353) ~[spring-beans-6.1.4.jar:6.1.4]
	at org.springframework.beans.factory.support.ConstructorResolver.resolveAutowiredArgument(ConstructorResolver.java:907) ~[spring-beans-6.1.4.jar:6.1.4]
	at org.springframework.beans.factory.support.ConstructorResolver.createArgumentArray(ConstructorResolver.java:785) ~[spring-beans-6.1.4.jar:6.1.4]
	... 71 common frames omitted
Caused by: org.springframework.beans.factory.BeanCreationException: Error creating bean with name 'jpaSharedEM_entityManagerFactory': Cannot resolve reference to bean 'entityManagerFactory' while setting constructor argument
	at org.springframework.beans.factory.support.BeanDefinitionValueResolver.resolveReference(BeanDefinitionValueResolver.java:377) ~[spring-beans-6.1.4.jar:6.1.4]
	at org.springframework.beans.factory.support.BeanDefinitionValueResolver.resolveValueIfNecessary(BeanDefinitionValueResolver.java:135) ~[spring-beans-6.1.4.jar:6.1.4]
	at org.springframework.beans.factory.support.ConstructorResolver.resolveConstructorArguments(ConstructorResolver.java:685) ~[spring-beans-6.1.4.jar:6.1.4]
	at org.springframework.beans.factory.support.ConstructorResolver.instantiateUsingFactoryMethod(ConstructorResolver.java:509) ~[spring-beans-6.1.4.jar:6.1.4]
	at org.springframework.beans.factory.support.AbstractAutowireCapableBeanFactory.instantiateUsingFactoryMethod(AbstractAutowireCapableBeanFactory.java:1335) ~[spring-beans-6.1.4.jar:6.1.4]
	at org.springframework.beans.factory.support.AbstractAutowireCapableBeanFactory.createBeanInstance(AbstractAutowireCapableBeanFactory.java:1165) ~[spring-beans-6.1.4.jar:6.1.4]
	at org.springframework.beans.factory.support.AbstractAutowireCapableBeanFactory.doCreateBean(AbstractAutowireCapableBeanFactory.java:562) ~[spring-beans-6.1.4.jar:6.1.4]
	at org.springframework.beans.factory.support.AbstractAutowireCapableBeanFactory.createBean(AbstractAutowireCapableBeanFactory.java:522) ~[spring-beans-6.1.4.jar:6.1.4]
	at org.springframework.beans.factory.support.AbstractBeanFactory.lambda$doGetBean$0(AbstractBeanFactory.java:325) ~[spring-beans-6.1.4.jar:6.1.4]
	at org.springframework.beans.factory.support.DefaultSingletonBeanRegistry.getSingleton(DefaultSingletonBeanRegistry.java:234) ~[spring-beans-6.1.4.jar:6.1.4]
	at org.springframework.beans.factory.support.AbstractBeanFactory.doGetBean(AbstractBeanFactory.java:323) ~[spring-beans-6.1.4.jar:6.1.4]
	at org.springframework.beans.factory.support.AbstractBeanFactory.getBean(AbstractBeanFactory.java:199) ~[spring-beans-6.1.4.jar:6.1.4]
	at org.springframework.beans.factory.support.BeanDefinitionValueResolver.resolveReference(BeanDefinitionValueResolver.java:365) ~[spring-beans-6.1.4.jar:6.1.4]
	... 85 common frames omitted
Caused by: org.springframework.beans.factory.BeanCreationException: Error creating bean with name 'flywayInitializer' defined in class path resource [org/springframework/boot/autoconfigure/flyway/FlywayAutoConfiguration$FlywayConfiguration.class]: Migration V4__seed_demo_data.sql failed
---------------------------------------
SQL State  : 42703
Error Code : 0
Message    : ERROR: column "hopital_affiliation" of relation "medecins" does not exist
  Position : 230
Location   : db/migration/V4__seed_demo_data.sql (/home/bala/CSCM_PROJECT/backend/target/classes/db/migration/V4__seed_demo_data.sql)
Line       : 28
Statement  : -- ────────────────────────────────────────────────────────────
-- 2. MEDECINS – Profils professionnels
-- ────────────────────────────────────────────────────────────
INSERT INTO medecins (id, user_id, specialite, numero_ordre, hopital_affiliation,
                      statut, annees_experience, biographie, created_at, updated_at)
VALUES
  ('b2000000-0000-0000-0000-000000000001',
   'b1000000-0000-0000-0000-000000000001',
   'Cardiologie', 'CM-CARD-00145', 'Hopital Central de Yaounde',
   'VALIDE', 12,
   'Cardiologue senior specialise dans les maladies coronariennes et l''insuffisance cardiaque.',
   NOW(), NOW()),

  ('b2000000-0000-0000-0000-000000000002',
   'b1000000-0000-0000-0000-000000000002',
   'Pediatrie', 'CM-PED-00289', 'CHU de Douala',
   'VALIDE', 8,
   'Pediatre experimentee, specialisee dans la nutrition infantile et les maladies infectieuses.',
   NOW(), NOW())

	at org.springframework.beans.factory.support.AbstractAutowireCapableBeanFactory.initializeBean(AbstractAutowireCapableBeanFactory.java:1786) ~[spring-beans-6.1.4.jar:6.1.4]
	at org.springframework.beans.factory.support.AbstractAutowireCapableBeanFactory.doCreateBean(AbstractAutowireCapableBeanFactory.java:600) ~[spring-beans-6.1.4.jar:6.1.4]
	at org.springframework.beans.factory.support.AbstractAutowireCapableBeanFactory.createBean(AbstractAutowireCapableBeanFactory.java:522) ~[spring-beans-6.1.4.jar:6.1.4]
	at org.springframework.beans.factory.support.AbstractBeanFactory.lambda$doGetBean$0(AbstractBeanFactory.java:325) ~[spring-beans-6.1.4.jar:6.1.4]
	at org.springframework.beans.factory.support.DefaultSingletonBeanRegistry.getSingleton(DefaultSingletonBeanRegistry.java:234) ~[spring-beans-6.1.4.jar:6.1.4]
	at org.springframework.beans.factory.support.AbstractBeanFactory.doGetBean(AbstractBeanFactory.java:323) ~[spring-beans-6.1.4.jar:6.1.4]
	at org.springframework.beans.factory.support.AbstractBeanFactory.getBean(AbstractBeanFactory.java:199) ~[spring-beans-6.1.4.jar:6.1.4]
	at org.springframework.beans.factory.support.AbstractBeanFactory.doGetBean(AbstractBeanFactory.java:312) ~[spring-beans-6.1.4.jar:6.1.4]
	at org.springframework.beans.factory.support.AbstractBeanFactory.getBean(AbstractBeanFactory.java:199) ~[spring-beans-6.1.4.jar:6.1.4]
	at org.springframework.beans.factory.support.BeanDefinitionValueResolver.resolveReference(BeanDefinitionValueResolver.java:365) ~[spring-beans-6.1.4.jar:6.1.4]
	... 97 common frames omitted
Caused by: org.flywaydb.core.internal.command.DbMigrate$FlywayMigrateException: Migration V4__seed_demo_data.sql failed
---------------------------------------
SQL State  : 42703
Error Code : 0
Message    : ERROR: column "hopital_affiliation" of relation "medecins" does not exist
  Position : 230
Location   : db/migration/V4__seed_demo_data.sql (/home/bala/CSCM_PROJECT/backend/target/classes/db/migration/V4__seed_demo_data.sql)
Line       : 28
Statement  : -- ────────────────────────────────────────────────────────────
-- 2. MEDECINS – Profils professionnels
-- ────────────────────────────────────────────────────────────
INSERT INTO medecins (id, user_id, specialite, numero_ordre, hopital_affiliation,
                      statut, annees_experience, biographie, created_at, updated_at)
VALUES
  ('b2000000-0000-0000-0000-000000000001',
   'b1000000-0000-0000-0000-000000000001',
   'Cardiologie', 'CM-CARD-00145', 'Hopital Central de Yaounde',
   'VALIDE', 12,
   'Cardiologue senior specialise dans les maladies coronariennes et l''insuffisance cardiaque.',
   NOW(), NOW()),

  ('b2000000-0000-0000-0000-000000000002',
   'b1000000-0000-0000-0000-000000000002',
   'Pediatrie', 'CM-PED-00289', 'CHU de Douala',
   'VALIDE', 8,
   'Pediatre experimentee, specialisee dans la nutrition infantile et les maladies infectieuses.',
   NOW(), NOW())

	at org.flywaydb.core.internal.command.DbMigrate.doMigrateGroup(DbMigrate.java:382) ~[flyway-core-9.22.3.jar:na]
	at org.flywaydb.core.internal.command.DbMigrate.lambda$applyMigrations$1(DbMigrate.java:272) ~[flyway-core-9.22.3.jar:na]
	at org.flywaydb.core.internal.jdbc.TransactionalExecutionTemplate.execute(TransactionalExecutionTemplate.java:55) ~[flyway-core-9.22.3.jar:na]
	at org.flywaydb.core.internal.command.DbMigrate.applyMigrations(DbMigrate.java:271) ~[flyway-core-9.22.3.jar:na]
	at org.flywaydb.core.internal.command.DbMigrate.migrateGroup(DbMigrate.java:244) ~[flyway-core-9.22.3.jar:na]
	at org.flywaydb.core.internal.command.DbMigrate.lambda$migrateAll$0(DbMigrate.java:139) ~[flyway-core-9.22.3.jar:na]
	at org.flywaydb.core.internal.database.postgresql.PostgreSQLAdvisoryLockTemplate.execute(PostgreSQLAdvisoryLockTemplate.java:73) ~[flyway-core-9.22.3.jar:na]
	at org.flywaydb.core.internal.database.postgresql.PostgreSQLAdvisoryLockTemplate.lambda$execute$0(PostgreSQLAdvisoryLockTemplate.java:56) ~[flyway-core-9.22.3.jar:na]
	at org.flywaydb.core.internal.jdbc.TransactionalExecutionTemplate.execute(TransactionalExecutionTemplate.java:55) ~[flyway-core-9.22.3.jar:na]
	at org.flywaydb.core.internal.database.postgresql.PostgreSQLAdvisoryLockTemplate.execute(PostgreSQLAdvisoryLockTemplate.java:56) ~[flyway-core-9.22.3.jar:na]
	at org.flywaydb.core.internal.database.postgresql.PostgreSQLConnection.lock(PostgreSQLConnection.java:96) ~[flyway-core-9.22.3.jar:na]
	at org.flywaydb.core.internal.schemahistory.JdbcTableSchemaHistory.lock(JdbcTableSchemaHistory.java:144) ~[flyway-core-9.22.3.jar:na]
	at org.flywaydb.core.internal.command.DbMigrate.migrateAll(DbMigrate.java:139) ~[flyway-core-9.22.3.jar:na]
	at org.flywaydb.core.internal.command.DbMigrate.migrate(DbMigrate.java:97) ~[flyway-core-9.22.3.jar:na]
	at org.flywaydb.core.Flyway.lambda$migrate$0(Flyway.java:188) ~[flyway-core-9.22.3.jar:na]
	at org.flywaydb.core.FlywayExecutor.execute(FlywayExecutor.java:213) ~[flyway-core-9.22.3.jar:na]
	at org.flywaydb.core.Flyway.migrate(Flyway.java:140) ~[flyway-core-9.22.3.jar:na]
	at org.springframework.boot.autoconfigure.flyway.FlywayMigrationInitializer.afterPropertiesSet(FlywayMigrationInitializer.java:66) ~[spring-boot-autoconfigure-3.2.3.jar:3.2.3]
	at org.springframework.beans.factory.support.AbstractAutowireCapableBeanFactory.invokeInitMethods(AbstractAutowireCapableBeanFactory.java:1833) ~[spring-beans-6.1.4.jar:6.1.4]
	at org.springframework.beans.factory.support.AbstractAutowireCapableBeanFactory.initializeBean(AbstractAutowireCapableBeanFactory.java:1782) ~[spring-beans-6.1.4.jar:6.1.4]
	... 106 common frames omitted
Caused by: org.flywaydb.core.internal.sqlscript.FlywaySqlScriptException: Migration V4__seed_demo_data.sql failed
---------------------------------------
SQL State  : 42703
Error Code : 0
Message    : ERROR: column "hopital_affiliation" of relation "medecins" does not exist
  Position : 230
Location   : db/migration/V4__seed_demo_data.sql (/home/bala/CSCM_PROJECT/backend/target/classes/db/migration/V4__seed_demo_data.sql)
Line       : 28
Statement  : -- ────────────────────────────────────────────────────────────
-- 2. MEDECINS – Profils professionnels
-- ────────────────────────────────────────────────────────────
INSERT INTO medecins (id, user_id, specialite, numero_ordre, hopital_affiliation,
                      statut, annees_experience, biographie, created_at, updated_at)
VALUES
  ('b2000000-0000-0000-0000-000000000001',
   'b1000000-0000-0000-0000-000000000001',
   'Cardiologie', 'CM-CARD-00145', 'Hopital Central de Yaounde',
   'VALIDE', 12,
   'Cardiologue senior specialise dans les maladies coronariennes et l''insuffisance cardiaque.',
   NOW(), NOW()),

  ('b2000000-0000-0000-0000-000000000002',
   'b1000000-0000-0000-0000-000000000002',
   'Pediatrie', 'CM-PED-00289', 'CHU de Douala',
   'VALIDE', 8,
   'Pediatre experimentee, specialisee dans la nutrition infantile et les maladies infectieuses.',
   NOW(), NOW())

	at org.flywaydb.core.internal.sqlscript.DefaultSqlScriptExecutor.handleException(DefaultSqlScriptExecutor.java:267) ~[flyway-core-9.22.3.jar:na]
	at org.flywaydb.core.internal.sqlscript.DefaultSqlScriptExecutor.executeStatement(DefaultSqlScriptExecutor.java:222) ~[flyway-core-9.22.3.jar:na]
	at org.flywaydb.core.internal.sqlscript.DefaultSqlScriptExecutor.execute(DefaultSqlScriptExecutor.java:126) ~[flyway-core-9.22.3.jar:na]
	at org.flywaydb.core.internal.resolver.sql.SqlMigrationExecutor.executeOnce(SqlMigrationExecutor.java:68) ~[flyway-core-9.22.3.jar:na]
	at org.flywaydb.core.internal.resolver.sql.SqlMigrationExecutor.lambda$execute$0(SqlMigrationExecutor.java:57) ~[flyway-core-9.22.3.jar:na]
	at org.flywaydb.core.internal.database.DefaultExecutionStrategy.execute(DefaultExecutionStrategy.java:27) ~[flyway-core-9.22.3.jar:na]
	at org.flywaydb.core.internal.resolver.sql.SqlMigrationExecutor.execute(SqlMigrationExecutor.java:56) ~[flyway-core-9.22.3.jar:na]
	at org.flywaydb.core.internal.command.DbMigrate.doMigrateGroup(DbMigrate.java:374) ~[flyway-core-9.22.3.jar:na]
	... 125 common frames omitted
Caused by: org.postgresql.util.PSQLException: ERROR: column "hopital_affiliation" of relation "medecins" does not exist
  Position : 230
	at org.postgresql.core.v3.QueryExecutorImpl.receiveErrorResponse(QueryExecutorImpl.java:2713) ~[postgresql-42.6.1.jar:42.6.1]
	at org.postgresql.core.v3.QueryExecutorImpl.processResults(QueryExecutorImpl.java:2401) ~[postgresql-42.6.1.jar:42.6.1]
	at org.postgresql.core.v3.QueryExecutorImpl.execute(QueryExecutorImpl.java:368) ~[postgresql-42.6.1.jar:42.6.1]
	at org.postgresql.jdbc.PgStatement.executeInternal(PgStatement.java:498) ~[postgresql-42.6.1.jar:42.6.1]
	at org.postgresql.jdbc.PgStatement.execute(PgStatement.java:415) ~[postgresql-42.6.1.jar:42.6.1]
	at org.postgresql.jdbc.PgStatement.executeWithFlags(PgStatement.java:335) ~[postgresql-42.6.1.jar:42.6.1]
	at org.postgresql.jdbc.PgStatement.executeCachedSql(PgStatement.java:321) ~[postgresql-42.6.1.jar:42.6.1]
	at org.postgresql.jdbc.PgStatement.executeWithFlags(PgStatement.java:297) ~[postgresql-42.6.1.jar:42.6.1]
	at org.postgresql.jdbc.PgStatement.execute(PgStatement.java:292) ~[postgresql-42.6.1.jar:42.6.1]
	at com.zaxxer.hikari.pool.ProxyStatement.execute(ProxyStatement.java:94) ~[HikariCP-5.0.1.jar:na]
	at com.zaxxer.hikari.pool.HikariProxyStatement.execute(HikariProxyStatement.java) ~[HikariCP-5.0.1.jar:na]
	at org.flywaydb.core.internal.jdbc.JdbcTemplate.executeStatement(JdbcTemplate.java:201) ~[flyway-core-9.22.3.jar:na]
	at org.flywaydb.core.internal.sqlscript.ParsedSqlStatement.execute(ParsedSqlStatement.java:95) ~[flyway-core-9.22.3.jar:na]
	at org.flywaydb.core.internal.sqlscript.DefaultSqlScriptExecutor.executeStatement(DefaultSqlScriptExecutor.java:210) ~[flyway-core-9.22.3.jar:na]
	... 131 common frames omitted


  .   ____          _            __ _ _
 /\\ / ___'_ __ _ _(_)_ __  __ _ \ \ \ \
( ( )\___ | '_ | '_| | '_ \/ _` | \ \ \ \
 \\/  ___)| |_)| | | | | || (_| |  ) ) ) )
  '  |____| .__|_| |_|_| |_\__, | / / / /
 =========|_|==============|___/=/_/_/_/
[32m :: Spring Boot :: [39m              [2m (v3.2.3)[0;39m

[2m2026-03-03T23:10:59.039+01:00[0;39m [32m INFO[0;39m [35m118167[0;39m [2m---[0;39m [2m[cscm-backend] [  restartedMain][0;39m [2m[0;39m[36mc.cscm.backend.CscmBackendApplication   [0;39m [2m:[0;39m Starting CscmBackendApplication using Java 23 with PID 118167 (/home/bala/CSCM_PROJECT/backend/target/classes started by bala in /home/bala/CSCM_PROJECT/backend)
[2m2026-03-03T23:10:59.040+01:00[0;39m [32mDEBUG[0;39m [35m118167[0;39m [2m---[0;39m [2m[cscm-backend] [  restartedMain][0;39m [2m[0;39m[36mc.cscm.backend.CscmBackendApplication   [0;39m [2m:[0;39m Running with Spring Boot v3.2.3, Spring v6.1.4
[2m2026-03-03T23:10:59.040+01:00[0;39m [32m INFO[0;39m [35m118167[0;39m [2m---[0;39m [2m[cscm-backend] [  restartedMain][0;39m [2m[0;39m[36mc.cscm.backend.CscmBackendApplication   [0;39m [2m:[0;39m No active profile set, falling back to 1 default profile: "default"
[2m2026-03-03T23:10:59.578+01:00[0;39m [32m INFO[0;39m [35m118167[0;39m [2m---[0;39m [2m[cscm-backend] [  restartedMain][0;39m [2m[0;39m[36m.s.d.r.c.RepositoryConfigurationDelegate[0;39m [2m:[0;39m Bootstrapping Spring Data JPA repositories in DEFAULT mode.
[2m2026-03-03T23:10:59.601+01:00[0;39m [32m INFO[0;39m [35m118167[0;39m [2m---[0;39m [2m[cscm-backend] [  restartedMain][0;39m [2m[0;39m[36m.s.d.r.c.RepositoryConfigurationDelegate[0;39m [2m:[0;39m Finished Spring Data repository scanning in 22 ms. Found 17 JPA repository interfaces.
[2m2026-03-03T23:10:59.995+01:00[0;39m [32m INFO[0;39m [35m118167[0;39m [2m---[0;39m [2m[cscm-backend] [  restartedMain][0;39m [2m[0;39m[36mo.s.b.w.embedded.tomcat.TomcatWebServer [0;39m [2m:[0;39m Tomcat initialized with port 8080 (http)
[2m2026-03-03T23:10:59.997+01:00[0;39m [32m INFO[0;39m [35m118167[0;39m [2m---[0;39m [2m[cscm-backend] [  restartedMain][0;39m [2m[0;39m[36mo.apache.catalina.core.StandardService  [0;39m [2m:[0;39m Starting service [Tomcat]
[2m2026-03-03T23:10:59.997+01:00[0;39m [32m INFO[0;39m [35m118167[0;39m [2m---[0;39m [2m[cscm-backend] [  restartedMain][0;39m [2m[0;39m[36mo.apache.catalina.core.StandardEngine   [0;39m [2m:[0;39m Starting Servlet engine: [Apache Tomcat/10.1.19]
[2m2026-03-03T23:11:00.005+01:00[0;39m [32m INFO[0;39m [35m118167[0;39m [2m---[0;39m [2m[cscm-backend] [  restartedMain][0;39m [2m[0;39m[36mo.a.c.c.C.[Tomcat-3].[localhost].[/api] [0;39m [2m:[0;39m Initializing Spring embedded WebApplicationContext
[2m2026-03-03T23:11:00.005+01:00[0;39m [32m INFO[0;39m [35m118167[0;39m [2m---[0;39m [2m[cscm-backend] [  restartedMain][0;39m [2m[0;39m[36mw.s.c.ServletWebServerApplicationContext[0;39m [2m:[0;39m Root WebApplicationContext: initialization completed in 960 ms
[2m2026-03-03T23:11:00.171+01:00[0;39m [32m INFO[0;39m [35m118167[0;39m [2m---[0;39m [2m[cscm-backend] [  restartedMain][0;39m [2m[0;39m[36mcom.zaxxer.hikari.HikariDataSource      [0;39m [2m:[0;39m HikariPool-5 - Starting...
[2m2026-03-03T23:11:00.205+01:00[0;39m [32m INFO[0;39m [35m118167[0;39m [2m---[0;39m [2m[cscm-backend] [  restartedMain][0;39m [2m[0;39m[36mcom.zaxxer.hikari.pool.HikariPool       [0;39m [2m:[0;39m HikariPool-5 - Added connection org.postgresql.jdbc.PgConnection@1160a662
[2m2026-03-03T23:11:00.205+01:00[0;39m [32m INFO[0;39m [35m118167[0;39m [2m---[0;39m [2m[cscm-backend] [  restartedMain][0;39m [2m[0;39m[36mcom.zaxxer.hikari.HikariDataSource      [0;39m [2m:[0;39m HikariPool-5 - Start completed.
[2m2026-03-03T23:11:00.214+01:00[0;39m [32m INFO[0;39m [35m118167[0;39m [2m---[0;39m [2m[cscm-backend] [  restartedMain][0;39m [2m[0;39m[36morg.flywaydb.core.FlywayExecutor        [0;39m [2m:[0;39m Database: jdbc:postgresql://localhost:5432/cscm_db (PostgreSQL 15.5)
[2m2026-03-03T23:11:00.221+01:00[0;39m [32m INFO[0;39m [35m118167[0;39m [2m---[0;39m [2m[cscm-backend] [  restartedMain][0;39m [2m[0;39m[36mo.f.core.internal.command.DbValidate    [0;39m [2m:[0;39m Successfully validated 4 migrations (execution time 00:00.004s)
[2m2026-03-03T23:11:00.256+01:00[0;39m [32m INFO[0;39m [35m118167[0;39m [2m---[0;39m [2m[cscm-backend] [  restartedMain][0;39m [2m[0;39m[36mo.f.core.internal.command.DbMigrate     [0;39m [2m:[0;39m Current version of schema "public": 3
[2m2026-03-03T23:11:00.264+01:00[0;39m [32m INFO[0;39m [35m118167[0;39m [2m---[0;39m [2m[cscm-backend] [  restartedMain][0;39m [2m[0;39m[36mo.f.core.internal.command.DbMigrate     [0;39m [2m:[0;39m Migrating schema "public" to version "4 - seed demo data"
[2m2026-03-03T23:11:00.272+01:00[0;39m [31mERROR[0;39m [35m118167[0;39m [2m---[0;39m [2m[cscm-backend] [  restartedMain][0;39m [2m[0;39m[36mo.f.core.internal.command.DbMigrate     [0;39m [2m:[0;39m Migration of schema "public" to version "4 - seed demo data" failed! Changes successfully rolled back.
[2m2026-03-03T23:11:00.275+01:00[0;39m [31mERROR[0;39m [35m118167[0;39m [2m---[0;39m [2m[cscm-backend] [  restartedMain][0;39m [2m[0;39m[36mo.s.b.web.embedded.tomcat.TomcatStarter [0;39m [2m:[0;39m Error starting Tomcat context. Exception: org.springframework.beans.factory.UnsatisfiedDependencyException. Message: Error creating bean with name 'jwtAuthFilter' defined in file [/home/bala/CSCM_PROJECT/backend/target/classes/com/cscm/backend/security/JwtAuthFilter.class]: Unsatisfied dependency expressed through constructor parameter 1: Error creating bean with name 'customUserDetailsService' defined in file [/home/bala/CSCM_PROJECT/backend/target/classes/com/cscm/backend/security/CustomUserDetailsService.class]: Unsatisfied dependency expressed through constructor parameter 0: Error creating bean with name 'userRepository' defined in com.cscm.backend.repository.UserRepository defined in @EnableJpaRepositories declared on JpaRepositoriesRegistrar.EnableJpaRepositoriesConfiguration: Cannot resolve reference to bean 'jpaSharedEM_entityManagerFactory' while setting bean property 'entityManager'
[2m2026-03-03T23:11:00.276+01:00[0;39m [32m INFO[0;39m [35m118167[0;39m [2m---[0;39m [2m[cscm-backend] [  restartedMain][0;39m [2m[0;39m[36mo.apache.catalina.core.StandardService  [0;39m [2m:[0;39m Stopping service [Tomcat]
[2m2026-03-03T23:11:00.277+01:00[0;39m [33m WARN[0;39m [35m118167[0;39m [2m---[0;39m [2m[cscm-backend] [  restartedMain][0;39m [2m[0;39m[36mo.a.c.loader.WebappClassLoaderBase      [0;39m [2m:[0;39m The web application [api] appears to have started a thread named [HikariPool-5 housekeeper] but has failed to stop it. This is very likely to create a memory leak. Stack trace of thread:
 java.base/jdk.internal.misc.Unsafe.park(Native Method)
 java.base/java.util.concurrent.locks.LockSupport.parkNanos(LockSupport.java:269)
 java.base/java.util.concurrent.locks.AbstractQueuedSynchronizer$ConditionObject.awaitNanos(AbstractQueuedSynchronizer.java:1763)
 java.base/java.util.concurrent.ScheduledThreadPoolExecutor$DelayedWorkQueue.take(ScheduledThreadPoolExecutor.java:1182)
 java.base/java.util.concurrent.ScheduledThreadPoolExecutor$DelayedWorkQueue.take(ScheduledThreadPoolExecutor.java:899)
 java.base/java.util.concurrent.ThreadPoolExecutor.getTask(ThreadPoolExecutor.java:1070)
 java.base/java.util.concurrent.ThreadPoolExecutor.runWorker(ThreadPoolExecutor.java:1130)
 java.base/java.util.concurrent.ThreadPoolExecutor$Worker.run(ThreadPoolExecutor.java:642)
 java.base/java.lang.Thread.run(Thread.java:1575)
[2m2026-03-03T23:11:00.278+01:00[0;39m [33m WARN[0;39m [35m118167[0;39m [2m---[0;39m [2m[cscm-backend] [  restartedMain][0;39m [2m[0;39m[36mo.a.c.loader.WebappClassLoaderBase      [0;39m [2m:[0;39m The web application [api] appears to have started a thread named [HikariPool-5 connection adder] but has failed to stop it. This is very likely to create a memory leak. Stack trace of thread:
 java.base/java.lang.Math.unsignedMultiplyHigh(Math.java:1430)
 java.base/sun.security.util.math.intpoly.MontgomeryIntegerPolynomialP256.multImpl(MontgomeryIntegerPolynomialP256.java:392)
 java.base/sun.security.util.math.intpoly.MontgomeryIntegerPolynomialP256.mult(MontgomeryIntegerPolynomialP256.java:163)
 java.base/sun.security.util.math.intpoly.IntegerPolynomial$MutableElement.setProduct(IntegerPolynomial.java:753)
 java.base/sun.security.util.math.intpoly.IntegerPolynomial$MutableElement.setProduct(IntegerPolynomial.java:674)
 java.base/sun.security.ec.ECOperations.setDouble(ECOperations.java:258)
 java.base/sun.security.ec.ECOperations$DefaultMultiplier.double4(ECOperations.java:542)
 java.base/sun.security.ec.ECOperations$DefaultMultiplier.pointMultiply(ECOperations.java:527)
 java.base/sun.security.ec.ECOperations.multiply(ECOperations.java:214)
 java.base/sun.security.ec.ECOperations.multiply(ECOperations.java:226)
 java.base/sun.security.ec.ECDHKeyAgreement.deriveKeyImpl(ECDHKeyAgreement.java:282)
 java.base/sun.security.ec.ECDHKeyAgreement.engineGenerateSecret(ECDHKeyAgreement.java:227)
 java.base/sun.security.ec.ECDHKeyAgreement.engineGenerateSecret(ECDHKeyAgreement.java:261)
 java.base/javax.crypto.KeyAgreement.generateSecret(KeyAgreement.java:680)
 java.base/sun.security.ssl.KAKeyDerivation.t13DeriveKey(KAKeyDerivation.java:105)
 java.base/sun.security.ssl.KAKeyDerivation.deriveKey(KAKeyDerivation.java:63)
 java.base/sun.security.ssl.ServerHello$T13ServerHelloConsumer.consume(ServerHello.java:1292)
 java.base/sun.security.ssl.ServerHello$ServerHelloConsumer.onServerHello(ServerHello.java:1010)
 java.base/sun.security.ssl.ServerHello$ServerHelloConsumer.consume(ServerHello.java:898)
 java.base/sun.security.ssl.SSLHandshake.consume(SSLHandshake.java:393)
 java.base/sun.security.ssl.HandshakeContext.dispatch(HandshakeContext.java:476)
 java.base/sun.security.ssl.HandshakeContext.dispatch(HandshakeContext.java:447)
 java.base/sun.security.ssl.TransportContext.dispatch(TransportContext.java:201)
 java.base/sun.security.ssl.SSLTransport.decode(SSLTransport.java:172)
 java.base/sun.security.ssl.SSLSocketImpl.decode(SSLSocketImpl.java:1507)
 java.base/sun.security.ssl.SSLSocketImpl.readHandshakeRecord(SSLSocketImpl.java:1422)
 java.base/sun.security.ssl.SSLSocketImpl.startHandshake(SSLSocketImpl.java:455)
 java.base/sun.security.ssl.SSLSocketImpl.startHandshake(SSLSocketImpl.java:426)
 org.postgresql.ssl.MakeSSL.convert(MakeSSL.java:41)
 org.postgresql.core.v3.ConnectionFactoryImpl.enableSSL(ConnectionFactoryImpl.java:620)
 org.postgresql.core.v3.ConnectionFactoryImpl.tryConnect(ConnectionFactoryImpl.java:191)
 org.postgresql.core.v3.ConnectionFactoryImpl.openConnectionImpl(ConnectionFactoryImpl.java:258)
 org.postgresql.core.ConnectionFactory.openConnection(ConnectionFactory.java:54)
 org.postgresql.jdbc.PgConnection.<init>(PgConnection.java:263)
 org.postgresql.Driver.makeConnection(Driver.java:443)
 org.postgresql.Driver.connect(Driver.java:297)
 com.zaxxer.hikari.util.DriverDataSource.getConnection(DriverDataSource.java:138)
 com.zaxxer.hikari.pool.PoolBase.newConnection(PoolBase.java:359)
 com.zaxxer.hikari.pool.PoolBase.newPoolEntry(PoolBase.java:201)
 com.zaxxer.hikari.pool.HikariPool.createPoolEntry(HikariPool.java:470)
 com.zaxxer.hikari.pool.HikariPool$PoolEntryCreator.call(HikariPool.java:733)
 com.zaxxer.hikari.pool.HikariPool$PoolEntryCreator.call(HikariPool.java:712)
 java.base/java.util.concurrent.FutureTask.run(FutureTask.java:317)
 java.base/java.util.concurrent.ThreadPoolExecutor.runWorker(ThreadPoolExecutor.java:1144)
 java.base/java.util.concurrent.ThreadPoolExecutor$Worker.run(ThreadPoolExecutor.java:642)
 java.base/java.lang.Thread.run(Thread.java:1575)
[2m2026-03-03T23:11:00.278+01:00[0;39m [33m WARN[0;39m [35m118167[0;39m [2m---[0;39m [2m[cscm-backend] [  restartedMain][0;39m [2m[0;39m[36mConfigServletWebServerApplicationContext[0;39m [2m:[0;39m Exception encountered during context initialization - cancelling refresh attempt: org.springframework.context.ApplicationContextException: Unable to start web server
[2m2026-03-03T23:11:00.279+01:00[0;39m [32m INFO[0;39m [35m118167[0;39m [2m---[0;39m [2m[cscm-backend] [  restartedMain][0;39m [2m[0;39m[36mcom.zaxxer.hikari.HikariDataSource      [0;39m [2m:[0;39m HikariPool-5 - Shutdown initiated...
[2m2026-03-03T23:11:00.344+01:00[0;39m [32m INFO[0;39m [35m118167[0;39m [2m---[0;39m [2m[cscm-backend] [  restartedMain][0;39m [2m[0;39m[36mcom.zaxxer.hikari.HikariDataSource      [0;39m [2m:[0;39m HikariPool-5 - Shutdown completed.
[2m2026-03-03T23:11:00.373+01:00[0;39m [32m INFO[0;39m [35m118167[0;39m [2m---[0;39m [2m[cscm-backend] [  restartedMain][0;39m [2m[0;39m[36m.s.b.a.l.ConditionEvaluationReportLogger[0;39m [2m:[0;39m 

Error starting ApplicationContext. To display the condition evaluation report re-run your application with 'debug' enabled.
[2m2026-03-03T23:11:00.380+01:00[0;39m [31mERROR[0;39m [35m118167[0;39m [2m---[0;39m [2m[cscm-backend] [  restartedMain][0;39m [2m[0;39m[36mo.s.boot.SpringApplication              [0;39m [2m:[0;39m Application run failed

org.springframework.context.ApplicationContextException: Unable to start web server
	at org.springframework.boot.web.servlet.context.ServletWebServerApplicationContext.onRefresh(ServletWebServerApplicationContext.java:165) ~[spring-boot-3.2.3.jar:3.2.3]
	at org.springframework.context.support.AbstractApplicationContext.refresh(AbstractApplicationContext.java:618) ~[spring-context-6.1.4.jar:6.1.4]
	at org.springframework.boot.web.servlet.context.ServletWebServerApplicationContext.refresh(ServletWebServerApplicationContext.java:146) ~[spring-boot-3.2.3.jar:3.2.3]
	at org.springframework.boot.SpringApplication.refresh(SpringApplication.java:754) ~[spring-boot-3.2.3.jar:3.2.3]
	at org.springframework.boot.SpringApplication.refreshContext(SpringApplication.java:456) ~[spring-boot-3.2.3.jar:3.2.3]
	at org.springframework.boot.SpringApplication.run(SpringApplication.java:334) ~[spring-boot-3.2.3.jar:3.2.3]
	at org.springframework.boot.SpringApplication.run(SpringApplication.java:1354) ~[spring-boot-3.2.3.jar:3.2.3]
	at org.springframework.boot.SpringApplication.run(SpringApplication.java:1343) ~[spring-boot-3.2.3.jar:3.2.3]
	at com.cscm.backend.CscmBackendApplication.main(CscmBackendApplication.java:14) ~[classes/:na]
	at java.base/jdk.internal.reflect.DirectMethodHandleAccessor.invoke(DirectMethodHandleAccessor.java:103) ~[na:na]
	at java.base/java.lang.reflect.Method.invoke(Method.java:580) ~[na:na]
	at org.springframework.boot.devtools.restart.RestartLauncher.run(RestartLauncher.java:50) ~[spring-boot-devtools-3.2.3.jar:3.2.3]
Caused by: org.springframework.boot.web.server.WebServerException: Unable to start embedded Tomcat
	at org.springframework.boot.web.embedded.tomcat.TomcatWebServer.initialize(TomcatWebServer.java:145) ~[spring-boot-3.2.3.jar:3.2.3]
	at org.springframework.boot.web.embedded.tomcat.TomcatWebServer.<init>(TomcatWebServer.java:105) ~[spring-boot-3.2.3.jar:3.2.3]
	at org.springframework.boot.web.embedded.tomcat.TomcatServletWebServerFactory.getTomcatWebServer(TomcatServletWebServerFactory.java:499) ~[spring-boot-3.2.3.jar:3.2.3]
	at org.springframework.boot.web.embedded.tomcat.TomcatServletWebServerFactory.getWebServer(TomcatServletWebServerFactory.java:218) ~[spring-boot-3.2.3.jar:3.2.3]
	at org.springframework.boot.web.servlet.context.ServletWebServerApplicationContext.createWebServer(ServletWebServerApplicationContext.java:188) ~[spring-boot-3.2.3.jar:3.2.3]
	at org.springframework.boot.web.servlet.context.ServletWebServerApplicationContext.onRefresh(ServletWebServerApplicationContext.java:162) ~[spring-boot-3.2.3.jar:3.2.3]
	... 11 common frames omitted
Caused by: org.springframework.beans.factory.UnsatisfiedDependencyException: Error creating bean with name 'jwtAuthFilter' defined in file [/home/bala/CSCM_PROJECT/backend/target/classes/com/cscm/backend/security/JwtAuthFilter.class]: Unsatisfied dependency expressed through constructor parameter 1: Error creating bean with name 'customUserDetailsService' defined in file [/home/bala/CSCM_PROJECT/backend/target/classes/com/cscm/backend/security/CustomUserDetailsService.class]: Unsatisfied dependency expressed through constructor parameter 0: Error creating bean with name 'userRepository' defined in com.cscm.backend.repository.UserRepository defined in @EnableJpaRepositories declared on JpaRepositoriesRegistrar.EnableJpaRepositoriesConfiguration: Cannot resolve reference to bean 'jpaSharedEM_entityManagerFactory' while setting bean property 'entityManager'
	at org.springframework.beans.factory.support.ConstructorResolver.createArgumentArray(ConstructorResolver.java:798) ~[spring-beans-6.1.4.jar:6.1.4]
	at org.springframework.beans.factory.support.ConstructorResolver.autowireConstructor(ConstructorResolver.java:237) ~[spring-beans-6.1.4.jar:6.1.4]
	at org.springframework.beans.factory.support.AbstractAutowireCapableBeanFactory.autowireConstructor(AbstractAutowireCapableBeanFactory.java:1355) ~[spring-beans-6.1.4.jar:6.1.4]
	at org.springframework.beans.factory.support.AbstractAutowireCapableBeanFactory.createBeanInstance(AbstractAutowireCapableBeanFactory.java:1192) ~[spring-beans-6.1.4.jar:6.1.4]
	at org.springframework.beans.factory.support.AbstractAutowireCapableBeanFactory.doCreateBean(AbstractAutowireCapableBeanFactory.java:562) ~[spring-beans-6.1.4.jar:6.1.4]
	at org.springframework.beans.factory.support.AbstractAutowireCapableBeanFactory.createBean(AbstractAutowireCapableBeanFactory.java:522) ~[spring-beans-6.1.4.jar:6.1.4]
	at org.springframework.beans.factory.support.AbstractBeanFactory.lambda$doGetBean$0(AbstractBeanFactory.java:325) ~[spring-beans-6.1.4.jar:6.1.4]
	at org.springframework.beans.factory.support.DefaultSingletonBeanRegistry.getSingleton(DefaultSingletonBeanRegistry.java:234) ~[spring-beans-6.1.4.jar:6.1.4]
	at org.springframework.beans.factory.support.AbstractBeanFactory.doGetBean(AbstractBeanFactory.java:323) ~[spring-beans-6.1.4.jar:6.1.4]
	at org.springframework.beans.factory.support.AbstractBeanFactory.getBean(AbstractBeanFactory.java:204) ~[spring-beans-6.1.4.jar:6.1.4]
	at org.springframework.boot.web.servlet.ServletContextInitializerBeans.getOrderedBeansOfType(ServletContextInitializerBeans.java:210) ~[spring-boot-3.2.3.jar:3.2.3]
	at org.springframework.boot.web.servlet.ServletContextInitializerBeans.addAsRegistrationBean(ServletContextInitializerBeans.java:173) ~[spring-boot-3.2.3.jar:3.2.3]
	at org.springframework.boot.web.servlet.ServletContextInitializerBeans.addAsRegistrationBean(ServletContextInitializerBeans.java:168) ~[spring-boot-3.2.3.jar:3.2.3]
	at org.springframework.boot.web.servlet.ServletContextInitializerBeans.addAdaptableBeans(ServletContextInitializerBeans.java:153) ~[spring-boot-3.2.3.jar:3.2.3]
	at org.springframework.boot.web.servlet.ServletContextInitializerBeans.<init>(ServletContextInitializerBeans.java:86) ~[spring-boot-3.2.3.jar:3.2.3]
	at org.springframework.boot.web.servlet.context.ServletWebServerApplicationContext.getServletContextInitializerBeans(ServletWebServerApplicationContext.java:266) ~[spring-boot-3.2.3.jar:3.2.3]
	at org.springframework.boot.web.servlet.context.ServletWebServerApplicationContext.selfInitialize(ServletWebServerApplicationContext.java:240) ~[spring-boot-3.2.3.jar:3.2.3]
	at org.springframework.boot.web.embedded.tomcat.TomcatStarter.onStartup(TomcatStarter.java:52) ~[spring-boot-3.2.3.jar:3.2.3]
	at org.apache.catalina.core.StandardContext.startInternal(StandardContext.java:4866) ~[tomcat-embed-core-10.1.19.jar:10.1.19]
	at org.apache.catalina.util.LifecycleBase.start(LifecycleBase.java:171) ~[tomcat-embed-core-10.1.19.jar:10.1.19]
	at org.apache.catalina.core.ContainerBase$StartChild.call(ContainerBase.java:1332) ~[tomcat-embed-core-10.1.19.jar:10.1.19]
	at org.apache.catalina.core.ContainerBase$StartChild.call(ContainerBase.java:1322) ~[tomcat-embed-core-10.1.19.jar:10.1.19]
	at java.base/java.util.concurrent.FutureTask.run(FutureTask.java:317) ~[na:na]
	at org.apache.tomcat.util.threads.InlineExecutorService.execute(InlineExecutorService.java:75) ~[tomcat-embed-core-10.1.19.jar:10.1.19]
	at java.base/java.util.concurrent.AbstractExecutorService.submit(AbstractExecutorService.java:148) ~[na:na]
	at org.apache.catalina.core.ContainerBase.startInternal(ContainerBase.java:866) ~[tomcat-embed-core-10.1.19.jar:10.1.19]
	at org.apache.catalina.core.StandardHost.startInternal(StandardHost.java:845) ~[tomcat-embed-core-10.1.19.jar:10.1.19]
	at org.apache.catalina.util.LifecycleBase.start(LifecycleBase.java:171) ~[tomcat-embed-core-10.1.19.jar:10.1.19]
	at org.apache.catalina.core.ContainerBase$StartChild.call(ContainerBase.java:1332) ~[tomcat-embed-core-10.1.19.jar:10.1.19]
	at org.apache.catalina.core.ContainerBase$StartChild.call(ContainerBase.java:1322) ~[tomcat-embed-core-10.1.19.jar:10.1.19]
	at java.base/java.util.concurrent.FutureTask.run(FutureTask.java:317) ~[na:na]
	at org.apache.tomcat.util.threads.InlineExecutorService.execute(InlineExecutorService.java:75) ~[tomcat-embed-core-10.1.19.jar:10.1.19]
	at java.base/java.util.concurrent.AbstractExecutorService.submit(AbstractExecutorService.java:148) ~[na:na]
	at org.apache.catalina.core.ContainerBase.startInternal(ContainerBase.java:866) ~[tomcat-embed-core-10.1.19.jar:10.1.19]
	at org.apache.catalina.core.StandardEngine.startInternal(StandardEngine.java:240) ~[tomcat-embed-core-10.1.19.jar:10.1.19]
	at org.apache.catalina.util.LifecycleBase.start(LifecycleBase.java:171) ~[tomcat-embed-core-10.1.19.jar:10.1.19]
	at org.apache.catalina.core.StandardService.startInternal(StandardService.java:433) ~[tomcat-embed-core-10.1.19.jar:10.1.19]
	at org.apache.catalina.util.LifecycleBase.start(LifecycleBase.java:171) ~[tomcat-embed-core-10.1.19.jar:10.1.19]
	at org.apache.catalina.core.StandardServer.startInternal(StandardServer.java:921) ~[tomcat-embed-core-10.1.19.jar:10.1.19]
	at org.apache.catalina.util.LifecycleBase.start(LifecycleBase.java:171) ~[tomcat-embed-core-10.1.19.jar:10.1.19]
	at org.apache.catalina.startup.Tomcat.start(Tomcat.java:437) ~[tomcat-embed-core-10.1.19.jar:10.1.19]
	at org.springframework.boot.web.embedded.tomcat.TomcatWebServer.initialize(TomcatWebServer.java:126) ~[spring-boot-3.2.3.jar:3.2.3]
	... 16 common frames omitted
Caused by: org.springframework.beans.factory.UnsatisfiedDependencyException: Error creating bean with name 'customUserDetailsService' defined in file [/home/bala/CSCM_PROJECT/backend/target/classes/com/cscm/backend/security/CustomUserDetailsService.class]: Unsatisfied dependency expressed through constructor parameter 0: Error creating bean with name 'userRepository' defined in com.cscm.backend.repository.UserRepository defined in @EnableJpaRepositories declared on JpaRepositoriesRegistrar.EnableJpaRepositoriesConfiguration: Cannot resolve reference to bean 'jpaSharedEM_entityManagerFactory' while setting bean property 'entityManager'
	at org.springframework.beans.factory.support.ConstructorResolver.createArgumentArray(ConstructorResolver.java:798) ~[spring-beans-6.1.4.jar:6.1.4]
	at org.springframework.beans.factory.support.ConstructorResolver.autowireConstructor(ConstructorResolver.java:237) ~[spring-beans-6.1.4.jar:6.1.4]
	at org.springframework.beans.factory.support.AbstractAutowireCapableBeanFactory.autowireConstructor(AbstractAutowireCapableBeanFactory.java:1355) ~[spring-beans-6.1.4.jar:6.1.4]
	at org.springframework.beans.factory.support.AbstractAutowireCapableBeanFactory.createBeanInstance(AbstractAutowireCapableBeanFactory.java:1192) ~[spring-beans-6.1.4.jar:6.1.4]
	at org.springframework.beans.factory.support.AbstractAutowireCapableBeanFactory.doCreateBean(AbstractAutowireCapableBeanFactory.java:562) ~[spring-beans-6.1.4.jar:6.1.4]
	at org.springframework.beans.factory.support.AbstractAutowireCapableBeanFactory.createBean(AbstractAutowireCapableBeanFactory.java:522) ~[spring-beans-6.1.4.jar:6.1.4]
	at org.springframework.beans.factory.support.AbstractBeanFactory.lambda$doGetBean$0(AbstractBeanFactory.java:325) ~[spring-beans-6.1.4.jar:6.1.4]
	at org.springframework.beans.factory.support.DefaultSingletonBeanRegistry.getSingleton(DefaultSingletonBeanRegistry.java:234) ~[spring-beans-6.1.4.jar:6.1.4]
	at org.springframework.beans.factory.support.AbstractBeanFactory.doGetBean(AbstractBeanFactory.java:323) ~[spring-beans-6.1.4.jar:6.1.4]
	at org.springframework.beans.factory.support.AbstractBeanFactory.getBean(AbstractBeanFactory.java:199) ~[spring-beans-6.1.4.jar:6.1.4]
	at org.springframework.beans.factory.config.DependencyDescriptor.resolveCandidate(DependencyDescriptor.java:254) ~[spring-beans-6.1.4.jar:6.1.4]
	at org.springframework.beans.factory.support.DefaultListableBeanFactory.doResolveDependency(DefaultListableBeanFactory.java:1443) ~[spring-beans-6.1.4.jar:6.1.4]
	at org.springframework.beans.factory.support.DefaultListableBeanFactory.resolveDependency(DefaultListableBeanFactory.java:1353) ~[spring-beans-6.1.4.jar:6.1.4]
	at org.springframework.beans.factory.support.ConstructorResolver.resolveAutowiredArgument(ConstructorResolver.java:907) ~[spring-beans-6.1.4.jar:6.1.4]
	at org.springframework.beans.factory.support.ConstructorResolver.createArgumentArray(ConstructorResolver.java:785) ~[spring-beans-6.1.4.jar:6.1.4]
	... 57 common frames omitted
Caused by: org.springframework.beans.factory.BeanCreationException: Error creating bean with name 'userRepository' defined in com.cscm.backend.repository.UserRepository defined in @EnableJpaRepositories declared on JpaRepositoriesRegistrar.EnableJpaRepositoriesConfiguration: Cannot resolve reference to bean 'jpaSharedEM_entityManagerFactory' while setting bean property 'entityManager'
	at org.springframework.beans.factory.support.BeanDefinitionValueResolver.resolveReference(BeanDefinitionValueResolver.java:377) ~[spring-beans-6.1.4.jar:6.1.4]
	at org.springframework.beans.factory.support.BeanDefinitionValueResolver.resolveValueIfNecessary(BeanDefinitionValueResolver.java:135) ~[spring-beans-6.1.4.jar:6.1.4]
	at org.springframework.beans.factory.support.AbstractAutowireCapableBeanFactory.applyPropertyValues(AbstractAutowireCapableBeanFactory.java:1685) ~[spring-beans-6.1.4.jar:6.1.4]
	at org.springframework.beans.factory.support.AbstractAutowireCapableBeanFactory.populateBean(AbstractAutowireCapableBeanFactory.java:1434) ~[spring-beans-6.1.4.jar:6.1.4]
	at org.springframework.beans.factory.support.AbstractAutowireCapableBeanFactory.doCreateBean(AbstractAutowireCapableBeanFactory.java:599) ~[spring-beans-6.1.4.jar:6.1.4]
	at org.springframework.beans.factory.support.AbstractAutowireCapableBeanFactory.createBean(AbstractAutowireCapableBeanFactory.java:522) ~[spring-beans-6.1.4.jar:6.1.4]
	at org.springframework.beans.factory.support.AbstractBeanFactory.lambda$doGetBean$0(AbstractBeanFactory.java:325) ~[spring-beans-6.1.4.jar:6.1.4]
	at org.springframework.beans.factory.support.DefaultSingletonBeanRegistry.getSingleton(DefaultSingletonBeanRegistry.java:234) ~[spring-beans-6.1.4.jar:6.1.4]
	at org.springframework.beans.factory.support.AbstractBeanFactory.doGetBean(AbstractBeanFactory.java:323) ~[spring-beans-6.1.4.jar:6.1.4]
	at org.springframework.beans.factory.support.AbstractBeanFactory.getBean(AbstractBeanFactory.java:199) ~[spring-beans-6.1.4.jar:6.1.4]
	at org.springframework.beans.factory.config.DependencyDescriptor.resolveCandidate(DependencyDescriptor.java:254) ~[spring-beans-6.1.4.jar:6.1.4]
	at org.springframework.beans.factory.support.DefaultListableBeanFactory.doResolveDependency(DefaultListableBeanFactory.java:1443) ~[spring-beans-6.1.4.jar:6.1.4]
	at org.springframework.beans.factory.support.DefaultListableBeanFactory.resolveDependency(DefaultListableBeanFactory.java:1353) ~[spring-beans-6.1.4.jar:6.1.4]
	at org.springframework.beans.factory.support.ConstructorResolver.resolveAutowiredArgument(ConstructorResolver.java:907) ~[spring-beans-6.1.4.jar:6.1.4]
	at org.springframework.beans.factory.support.ConstructorResolver.createArgumentArray(ConstructorResolver.java:785) ~[spring-beans-6.1.4.jar:6.1.4]
	... 71 common frames omitted
Caused by: org.springframework.beans.factory.BeanCreationException: Error creating bean with name 'jpaSharedEM_entityManagerFactory': Cannot resolve reference to bean 'entityManagerFactory' while setting constructor argument
	at org.springframework.beans.factory.support.BeanDefinitionValueResolver.resolveReference(BeanDefinitionValueResolver.java:377) ~[spring-beans-6.1.4.jar:6.1.4]
	at org.springframework.beans.factory.support.BeanDefinitionValueResolver.resolveValueIfNecessary(BeanDefinitionValueResolver.java:135) ~[spring-beans-6.1.4.jar:6.1.4]
	at org.springframework.beans.factory.support.ConstructorResolver.resolveConstructorArguments(ConstructorResolver.java:685) ~[spring-beans-6.1.4.jar:6.1.4]
	at org.springframework.beans.factory.support.ConstructorResolver.instantiateUsingFactoryMethod(ConstructorResolver.java:509) ~[spring-beans-6.1.4.jar:6.1.4]
	at org.springframework.beans.factory.support.AbstractAutowireCapableBeanFactory.instantiateUsingFactoryMethod(AbstractAutowireCapableBeanFactory.java:1335) ~[spring-beans-6.1.4.jar:6.1.4]
	at org.springframework.beans.factory.support.AbstractAutowireCapableBeanFactory.createBeanInstance(AbstractAutowireCapableBeanFactory.java:1165) ~[spring-beans-6.1.4.jar:6.1.4]
	at org.springframework.beans.factory.support.AbstractAutowireCapableBeanFactory.doCreateBean(AbstractAutowireCapableBeanFactory.java:562) ~[spring-beans-6.1.4.jar:6.1.4]
	at org.springframework.beans.factory.support.AbstractAutowireCapableBeanFactory.createBean(AbstractAutowireCapableBeanFactory.java:522) ~[spring-beans-6.1.4.jar:6.1.4]
	at org.springframework.beans.factory.support.AbstractBeanFactory.lambda$doGetBean$0(AbstractBeanFactory.java:325) ~[spring-beans-6.1.4.jar:6.1.4]
	at org.springframework.beans.factory.support.DefaultSingletonBeanRegistry.getSingleton(DefaultSingletonBeanRegistry.java:234) ~[spring-beans-6.1.4.jar:6.1.4]
	at org.springframework.beans.factory.support.AbstractBeanFactory.doGetBean(AbstractBeanFactory.java:323) ~[spring-beans-6.1.4.jar:6.1.4]
	at org.springframework.beans.factory.support.AbstractBeanFactory.getBean(AbstractBeanFactory.java:199) ~[spring-beans-6.1.4.jar:6.1.4]
	at org.springframework.beans.factory.support.BeanDefinitionValueResolver.resolveReference(BeanDefinitionValueResolver.java:365) ~[spring-beans-6.1.4.jar:6.1.4]
	... 85 common frames omitted
Caused by: org.springframework.beans.factory.BeanCreationException: Error creating bean with name 'flywayInitializer' defined in class path resource [org/springframework/boot/autoconfigure/flyway/FlywayAutoConfiguration$FlywayConfiguration.class]: Migration V4__seed_demo_data.sql failed
---------------------------------------
SQL State  : 42703
Error Code : 0
Message    : ERROR: column "sexe" of relation "patients" does not exist
  Position : 233
Location   : db/migration/V4__seed_demo_data.sql (/home/bala/CSCM_PROJECT/backend/target/classes/db/migration/V4__seed_demo_data.sql)
Line       : 67
Statement  : -- ────────────────────────────────────────────────────────────
-- 4. PATIENTS – Profils (infos médicales générales)
-- ────────────────────────────────────────────────────────────
INSERT INTO patients (id, user_id, date_naissance, sexe, groupe_sanguin,
                      taille_cm, poids_kg, adresse, ville, pays,
                      contact_urgence_nom, contact_urgence_telephone,
                      created_at, updated_at)
VALUES
  ('c2000000-0000-0000-0000-000000000001',
   'c1000000-0000-0000-0000-000000000001',
   '1985-04-12', 'MASCULIN', 'O+',
   178, 82.5, '45 rue de la Paix', 'Yaounde', 'Cameroun',
   'Jeanne Kamga', '+237677000099',
   NOW(), NOW()),

  ('c2000000-0000-0000-0000-000000000002',
   'c1000000-0000-0000-0000-000000000002',
   '1992-09-23', 'FEMININ', 'A+',
   165, 61.0, '12 avenue Kennedy', 'Douala', 'Cameroun',
   'Paul Ngo', '+237677000098',
   NOW(), NOW())

	at org.springframework.beans.factory.support.AbstractAutowireCapableBeanFactory.initializeBean(AbstractAutowireCapableBeanFactory.java:1786) ~[spring-beans-6.1.4.jar:6.1.4]
	at org.springframework.beans.factory.support.AbstractAutowireCapableBeanFactory.doCreateBean(AbstractAutowireCapableBeanFactory.java:600) ~[spring-beans-6.1.4.jar:6.1.4]
	at org.springframework.beans.factory.support.AbstractAutowireCapableBeanFactory.createBean(AbstractAutowireCapableBeanFactory.java:522) ~[spring-beans-6.1.4.jar:6.1.4]
	at org.springframework.beans.factory.support.AbstractBeanFactory.lambda$doGetBean$0(AbstractBeanFactory.java:325) ~[spring-beans-6.1.4.jar:6.1.4]
	at org.springframework.beans.factory.support.DefaultSingletonBeanRegistry.getSingleton(DefaultSingletonBeanRegistry.java:234) ~[spring-beans-6.1.4.jar:6.1.4]
	at org.springframework.beans.factory.support.AbstractBeanFactory.doGetBean(AbstractBeanFactory.java:323) ~[spring-beans-6.1.4.jar:6.1.4]
	at org.springframework.beans.factory.support.AbstractBeanFactory.getBean(AbstractBeanFactory.java:199) ~[spring-beans-6.1.4.jar:6.1.4]
	at org.springframework.beans.factory.support.AbstractBeanFactory.doGetBean(AbstractBeanFactory.java:312) ~[spring-beans-6.1.4.jar:6.1.4]
	at org.springframework.beans.factory.support.AbstractBeanFactory.getBean(AbstractBeanFactory.java:199) ~[spring-beans-6.1.4.jar:6.1.4]
	at org.springframework.beans.factory.support.BeanDefinitionValueResolver.resolveReference(BeanDefinitionValueResolver.java:365) ~[spring-beans-6.1.4.jar:6.1.4]
	... 97 common frames omitted
Caused by: org.flywaydb.core.internal.command.DbMigrate$FlywayMigrateException: Migration V4__seed_demo_data.sql failed
---------------------------------------
SQL State  : 42703
Error Code : 0
Message    : ERROR: column "sexe" of relation "patients" does not exist
  Position : 233
Location   : db/migration/V4__seed_demo_data.sql (/home/bala/CSCM_PROJECT/backend/target/classes/db/migration/V4__seed_demo_data.sql)
Line       : 67
Statement  : -- ────────────────────────────────────────────────────────────
-- 4. PATIENTS – Profils (infos médicales générales)
-- ────────────────────────────────────────────────────────────
INSERT INTO patients (id, user_id, date_naissance, sexe, groupe_sanguin,
                      taille_cm, poids_kg, adresse, ville, pays,
                      contact_urgence_nom, contact_urgence_telephone,
                      created_at, updated_at)
VALUES
  ('c2000000-0000-0000-0000-000000000001',
   'c1000000-0000-0000-0000-000000000001',
   '1985-04-12', 'MASCULIN', 'O+',
   178, 82.5, '45 rue de la Paix', 'Yaounde', 'Cameroun',
   'Jeanne Kamga', '+237677000099',
   NOW(), NOW()),

  ('c2000000-0000-0000-0000-000000000002',
   'c1000000-0000-0000-0000-000000000002',
   '1992-09-23', 'FEMININ', 'A+',
   165, 61.0, '12 avenue Kennedy', 'Douala', 'Cameroun',
   'Paul Ngo', '+237677000098',
   NOW(), NOW())

	at org.flywaydb.core.internal.command.DbMigrate.doMigrateGroup(DbMigrate.java:382) ~[flyway-core-9.22.3.jar:na]
	at org.flywaydb.core.internal.command.DbMigrate.lambda$applyMigrations$1(DbMigrate.java:272) ~[flyway-core-9.22.3.jar:na]
	at org.flywaydb.core.internal.jdbc.TransactionalExecutionTemplate.execute(TransactionalExecutionTemplate.java:55) ~[flyway-core-9.22.3.jar:na]
	at org.flywaydb.core.internal.command.DbMigrate.applyMigrations(DbMigrate.java:271) ~[flyway-core-9.22.3.jar:na]
	at org.flywaydb.core.internal.command.DbMigrate.migrateGroup(DbMigrate.java:244) ~[flyway-core-9.22.3.jar:na]
	at org.flywaydb.core.internal.command.DbMigrate.lambda$migrateAll$0(DbMigrate.java:139) ~[flyway-core-9.22.3.jar:na]
	at org.flywaydb.core.internal.database.postgresql.PostgreSQLAdvisoryLockTemplate.execute(PostgreSQLAdvisoryLockTemplate.java:73) ~[flyway-core-9.22.3.jar:na]
	at org.flywaydb.core.internal.database.postgresql.PostgreSQLAdvisoryLockTemplate.lambda$execute$0(PostgreSQLAdvisoryLockTemplate.java:56) ~[flyway-core-9.22.3.jar:na]
	at org.flywaydb.core.internal.jdbc.TransactionalExecutionTemplate.execute(TransactionalExecutionTemplate.java:55) ~[flyway-core-9.22.3.jar:na]
	at org.flywaydb.core.internal.database.postgresql.PostgreSQLAdvisoryLockTemplate.execute(PostgreSQLAdvisoryLockTemplate.java:56) ~[flyway-core-9.22.3.jar:na]
	at org.flywaydb.core.internal.database.postgresql.PostgreSQLConnection.lock(PostgreSQLConnection.java:96) ~[flyway-core-9.22.3.jar:na]
	at org.flywaydb.core.internal.schemahistory.JdbcTableSchemaHistory.lock(JdbcTableSchemaHistory.java:144) ~[flyway-core-9.22.3.jar:na]
	at org.flywaydb.core.internal.command.DbMigrate.migrateAll(DbMigrate.java:139) ~[flyway-core-9.22.3.jar:na]
	at org.flywaydb.core.internal.command.DbMigrate.migrate(DbMigrate.java:97) ~[flyway-core-9.22.3.jar:na]
	at org.flywaydb.core.Flyway.lambda$migrate$0(Flyway.java:188) ~[flyway-core-9.22.3.jar:na]
	at org.flywaydb.core.FlywayExecutor.execute(FlywayExecutor.java:213) ~[flyway-core-9.22.3.jar:na]
	at org.flywaydb.core.Flyway.migrate(Flyway.java:140) ~[flyway-core-9.22.3.jar:na]
	at org.springframework.boot.autoconfigure.flyway.FlywayMigrationInitializer.afterPropertiesSet(FlywayMigrationInitializer.java:66) ~[spring-boot-autoconfigure-3.2.3.jar:3.2.3]
	at org.springframework.beans.factory.support.AbstractAutowireCapableBeanFactory.invokeInitMethods(AbstractAutowireCapableBeanFactory.java:1833) ~[spring-beans-6.1.4.jar:6.1.4]
	at org.springframework.beans.factory.support.AbstractAutowireCapableBeanFactory.initializeBean(AbstractAutowireCapableBeanFactory.java:1782) ~[spring-beans-6.1.4.jar:6.1.4]
	... 106 common frames omitted
Caused by: org.flywaydb.core.internal.sqlscript.FlywaySqlScriptException: Migration V4__seed_demo_data.sql failed
---------------------------------------
SQL State  : 42703
Error Code : 0
Message    : ERROR: column "sexe" of relation "patients" does not exist
  Position : 233
Location   : db/migration/V4__seed_demo_data.sql (/home/bala/CSCM_PROJECT/backend/target/classes/db/migration/V4__seed_demo_data.sql)
Line       : 67
Statement  : -- ────────────────────────────────────────────────────────────
-- 4. PATIENTS – Profils (infos médicales générales)
-- ────────────────────────────────────────────────────────────
INSERT INTO patients (id, user_id, date_naissance, sexe, groupe_sanguin,
                      taille_cm, poids_kg, adresse, ville, pays,
                      contact_urgence_nom, contact_urgence_telephone,
                      created_at, updated_at)
VALUES
  ('c2000000-0000-0000-0000-000000000001',
   'c1000000-0000-0000-0000-000000000001',
   '1985-04-12', 'MASCULIN', 'O+',
   178, 82.5, '45 rue de la Paix', 'Yaounde', 'Cameroun',
   'Jeanne Kamga', '+237677000099',
   NOW(), NOW()),

  ('c2000000-0000-0000-0000-000000000002',
   'c1000000-0000-0000-0000-000000000002',
   '1992-09-23', 'FEMININ', 'A+',
   165, 61.0, '12 avenue Kennedy', 'Douala', 'Cameroun',
   'Paul Ngo', '+237677000098',
   NOW(), NOW())

	at org.flywaydb.core.internal.sqlscript.DefaultSqlScriptExecutor.handleException(DefaultSqlScriptExecutor.java:267) ~[flyway-core-9.22.3.jar:na]
	at org.flywaydb.core.internal.sqlscript.DefaultSqlScriptExecutor.executeStatement(DefaultSqlScriptExecutor.java:222) ~[flyway-core-9.22.3.jar:na]
	at org.flywaydb.core.internal.sqlscript.DefaultSqlScriptExecutor.execute(DefaultSqlScriptExecutor.java:126) ~[flyway-core-9.22.3.jar:na]
	at org.flywaydb.core.internal.resolver.sql.SqlMigrationExecutor.executeOnce(SqlMigrationExecutor.java:68) ~[flyway-core-9.22.3.jar:na]
	at org.flywaydb.core.internal.resolver.sql.SqlMigrationExecutor.lambda$execute$0(SqlMigrationExecutor.java:57) ~[flyway-core-9.22.3.jar:na]
	at org.flywaydb.core.internal.database.DefaultExecutionStrategy.execute(DefaultExecutionStrategy.java:27) ~[flyway-core-9.22.3.jar:na]
	at org.flywaydb.core.internal.resolver.sql.SqlMigrationExecutor.execute(SqlMigrationExecutor.java:56) ~[flyway-core-9.22.3.jar:na]
	at org.flywaydb.core.internal.command.DbMigrate.doMigrateGroup(DbMigrate.java:374) ~[flyway-core-9.22.3.jar:na]
	... 125 common frames omitted
Caused by: org.postgresql.util.PSQLException: ERROR: column "sexe" of relation "patients" does not exist
  Position : 233
	at org.postgresql.core.v3.QueryExecutorImpl.receiveErrorResponse(QueryExecutorImpl.java:2713) ~[postgresql-42.6.1.jar:42.6.1]
	at org.postgresql.core.v3.QueryExecutorImpl.processResults(QueryExecutorImpl.java:2401) ~[postgresql-42.6.1.jar:42.6.1]
	at org.postgresql.core.v3.QueryExecutorImpl.execute(QueryExecutorImpl.java:368) ~[postgresql-42.6.1.jar:42.6.1]
	at org.postgresql.jdbc.PgStatement.executeInternal(PgStatement.java:498) ~[postgresql-42.6.1.jar:42.6.1]
	at org.postgresql.jdbc.PgStatement.execute(PgStatement.java:415) ~[postgresql-42.6.1.jar:42.6.1]
	at org.postgresql.jdbc.PgStatement.executeWithFlags(PgStatement.java:335) ~[postgresql-42.6.1.jar:42.6.1]
	at org.postgresql.jdbc.PgStatement.executeCachedSql(PgStatement.java:321) ~[postgresql-42.6.1.jar:42.6.1]
	at org.postgresql.jdbc.PgStatement.executeWithFlags(PgStatement.java:297) ~[postgresql-42.6.1.jar:42.6.1]
	at org.postgresql.jdbc.PgStatement.execute(PgStatement.java:292) ~[postgresql-42.6.1.jar:42.6.1]
	at com.zaxxer.hikari.pool.ProxyStatement.execute(ProxyStatement.java:94) ~[HikariCP-5.0.1.jar:na]
	at com.zaxxer.hikari.pool.HikariProxyStatement.execute(HikariProxyStatement.java) ~[HikariCP-5.0.1.jar:na]
	at org.flywaydb.core.internal.jdbc.JdbcTemplate.executeStatement(JdbcTemplate.java:201) ~[flyway-core-9.22.3.jar:na]
	at org.flywaydb.core.internal.sqlscript.ParsedSqlStatement.execute(ParsedSqlStatement.java:95) ~[flyway-core-9.22.3.jar:na]
	at org.flywaydb.core.internal.sqlscript.DefaultSqlScriptExecutor.executeStatement(DefaultSqlScriptExecutor.java:210) ~[flyway-core-9.22.3.jar:na]
	... 131 common frames omitted


  .   ____          _            __ _ _
 /\\ / ___'_ __ _ _(_)_ __  __ _ \ \ \ \
( ( )\___ | '_ | '_| | '_ \/ _` | \ \ \ \
 \\/  ___)| |_)| | | | | || (_| |  ) ) ) )
  '  |____| .__|_| |_|_| |_\__, | / / / /
 =========|_|==============|___/=/_/_/_/
[32m :: Spring Boot :: [39m              [2m (v3.2.3)[0;39m

[2m2026-03-03T23:14:12.596+01:00[0;39m [32m INFO[0;39m [35m118167[0;39m [2m---[0;39m [2m[cscm-backend] [  restartedMain][0;39m [2m[0;39m[36mc.cscm.backend.CscmBackendApplication   [0;39m [2m:[0;39m Starting CscmBackendApplication using Java 23 with PID 118167 (/home/bala/CSCM_PROJECT/backend/target/classes started by bala in /home/bala/CSCM_PROJECT/backend)
[2m2026-03-03T23:14:12.596+01:00[0;39m [32mDEBUG[0;39m [35m118167[0;39m [2m---[0;39m [2m[cscm-backend] [  restartedMain][0;39m [2m[0;39m[36mc.cscm.backend.CscmBackendApplication   [0;39m [2m:[0;39m Running with Spring Boot v3.2.3, Spring v6.1.4
[2m2026-03-03T23:14:12.596+01:00[0;39m [32m INFO[0;39m [35m118167[0;39m [2m---[0;39m [2m[cscm-backend] [  restartedMain][0;39m [2m[0;39m[36mc.cscm.backend.CscmBackendApplication   [0;39m [2m:[0;39m No active profile set, falling back to 1 default profile: "default"
[2m2026-03-03T23:14:13.345+01:00[0;39m [32m INFO[0;39m [35m118167[0;39m [2m---[0;39m [2m[cscm-backend] [  restartedMain][0;39m [2m[0;39m[36m.s.d.r.c.RepositoryConfigurationDelegate[0;39m [2m:[0;39m Bootstrapping Spring Data JPA repositories in DEFAULT mode.
[2m2026-03-03T23:14:13.369+01:00[0;39m [32m INFO[0;39m [35m118167[0;39m [2m---[0;39m [2m[cscm-backend] [  restartedMain][0;39m [2m[0;39m[36m.s.d.r.c.RepositoryConfigurationDelegate[0;39m [2m:[0;39m Finished Spring Data repository scanning in 23 ms. Found 17 JPA repository interfaces.
[2m2026-03-03T23:14:13.597+01:00[0;39m [32m INFO[0;39m [35m118167[0;39m [2m---[0;39m [2m[cscm-backend] [  restartedMain][0;39m [2m[0;39m[36mo.s.b.w.embedded.tomcat.TomcatWebServer [0;39m [2m:[0;39m Tomcat initialized with port 8080 (http)
[2m2026-03-03T23:14:13.597+01:00[0;39m [32m INFO[0;39m [35m118167[0;39m [2m---[0;39m [2m[cscm-backend] [  restartedMain][0;39m [2m[0;39m[36mo.apache.catalina.core.StandardService  [0;39m [2m:[0;39m Starting service [Tomcat]
[2m2026-03-03T23:14:13.597+01:00[0;39m [32m INFO[0;39m [35m118167[0;39m [2m---[0;39m [2m[cscm-backend] [  restartedMain][0;39m [2m[0;39m[36mo.apache.catalina.core.StandardEngine   [0;39m [2m:[0;39m Starting Servlet engine: [Apache Tomcat/10.1.19]
[2m2026-03-03T23:14:13.605+01:00[0;39m [32m INFO[0;39m [35m118167[0;39m [2m---[0;39m [2m[cscm-backend] [  restartedMain][0;39m [2m[0;39m[36mo.a.c.c.C.[Tomcat-4].[localhost].[/api] [0;39m [2m:[0;39m Initializing Spring embedded WebApplicationContext
[2m2026-03-03T23:14:13.605+01:00[0;39m [32m INFO[0;39m [35m118167[0;39m [2m---[0;39m [2m[cscm-backend] [  restartedMain][0;39m [2m[0;39m[36mw.s.c.ServletWebServerApplicationContext[0;39m [2m:[0;39m Root WebApplicationContext: initialization completed in 1004 ms
[2m2026-03-03T23:14:13.801+01:00[0;39m [32m INFO[0;39m [35m118167[0;39m [2m---[0;39m [2m[cscm-backend] [  restartedMain][0;39m [2m[0;39m[36mcom.zaxxer.hikari.HikariDataSource      [0;39m [2m:[0;39m HikariPool-6 - Starting...
[2m2026-03-03T23:14:13.844+01:00[0;39m [32m INFO[0;39m [35m118167[0;39m [2m---[0;39m [2m[cscm-backend] [  restartedMain][0;39m [2m[0;39m[36mcom.zaxxer.hikari.pool.HikariPool       [0;39m [2m:[0;39m HikariPool-6 - Added connection org.postgresql.jdbc.PgConnection@7fc3873
[2m2026-03-03T23:14:13.844+01:00[0;39m [32m INFO[0;39m [35m118167[0;39m [2m---[0;39m [2m[cscm-backend] [  restartedMain][0;39m [2m[0;39m[36mcom.zaxxer.hikari.HikariDataSource      [0;39m [2m:[0;39m HikariPool-6 - Start completed.
[2m2026-03-03T23:14:13.859+01:00[0;39m [32m INFO[0;39m [35m118167[0;39m [2m---[0;39m [2m[cscm-backend] [  restartedMain][0;39m [2m[0;39m[36morg.flywaydb.core.FlywayExecutor        [0;39m [2m:[0;39m Database: jdbc:postgresql://localhost:5432/cscm_db (PostgreSQL 15.5)
[2m2026-03-03T23:14:13.870+01:00[0;39m [32m INFO[0;39m [35m118167[0;39m [2m---[0;39m [2m[cscm-backend] [  restartedMain][0;39m [2m[0;39m[36mo.f.core.internal.command.DbValidate    [0;39m [2m:[0;39m Successfully validated 4 migrations (execution time 00:00.006s)
[2m2026-03-03T23:14:13.936+01:00[0;39m [32m INFO[0;39m [35m118167[0;39m [2m---[0;39m [2m[cscm-backend] [  restartedMain][0;39m [2m[0;39m[36mo.f.core.internal.command.DbMigrate     [0;39m [2m:[0;39m Current version of schema "public": 3
[2m2026-03-03T23:14:13.951+01:00[0;39m [32m INFO[0;39m [35m118167[0;39m [2m---[0;39m [2m[cscm-backend] [  restartedMain][0;39m [2m[0;39m[36mo.f.core.internal.command.DbMigrate     [0;39m [2m:[0;39m Migrating schema "public" to version "4 - seed demo data"
[2m2026-03-03T23:14:13.980+01:00[0;39m [31mERROR[0;39m [35m118167[0;39m [2m---[0;39m [2m[cscm-backend] [  restartedMain][0;39m [2m[0;39m[36mo.f.core.internal.command.DbMigrate     [0;39m [2m:[0;39m Migration of schema "public" to version "4 - seed demo data" failed! Changes successfully rolled back.
[2m2026-03-03T23:14:13.983+01:00[0;39m [31mERROR[0;39m [35m118167[0;39m [2m---[0;39m [2m[cscm-backend] [  restartedMain][0;39m [2m[0;39m[36mo.s.b.web.embedded.tomcat.TomcatStarter [0;39m [2m:[0;39m Error starting Tomcat context. Exception: org.springframework.beans.factory.UnsatisfiedDependencyException. Message: Error creating bean with name 'jwtAuthFilter' defined in file [/home/bala/CSCM_PROJECT/backend/target/classes/com/cscm/backend/security/JwtAuthFilter.class]: Unsatisfied dependency expressed through constructor parameter 1: Error creating bean with name 'customUserDetailsService' defined in file [/home/bala/CSCM_PROJECT/backend/target/classes/com/cscm/backend/security/CustomUserDetailsService.class]: Unsatisfied dependency expressed through constructor parameter 0: Error creating bean with name 'userRepository' defined in com.cscm.backend.repository.UserRepository defined in @EnableJpaRepositories declared on JpaRepositoriesRegistrar.EnableJpaRepositoriesConfiguration: Cannot resolve reference to bean 'jpaSharedEM_entityManagerFactory' while setting bean property 'entityManager'
[2m2026-03-03T23:14:13.986+01:00[0;39m [32m INFO[0;39m [35m118167[0;39m [2m---[0;39m [2m[cscm-backend] [  restartedMain][0;39m [2m[0;39m[36mo.apache.catalina.core.StandardService  [0;39m [2m:[0;39m Stopping service [Tomcat]
[2m2026-03-03T23:14:13.989+01:00[0;39m [33m WARN[0;39m [35m118167[0;39m [2m---[0;39m [2m[cscm-backend] [  restartedMain][0;39m [2m[0;39m[36mo.a.c.loader.WebappClassLoaderBase      [0;39m [2m:[0;39m The web application [api] appears to have started a thread named [HikariPool-6 housekeeper] but has failed to stop it. This is very likely to create a memory leak. Stack trace of thread:
 java.base/jdk.internal.misc.Unsafe.park(Native Method)
 java.base/java.util.concurrent.locks.LockSupport.parkNanos(LockSupport.java:269)
 java.base/java.util.concurrent.locks.AbstractQueuedSynchronizer$ConditionObject.awaitNanos(AbstractQueuedSynchronizer.java:1763)
 java.base/java.util.concurrent.ScheduledThreadPoolExecutor$DelayedWorkQueue.take(ScheduledThreadPoolExecutor.java:1182)
 java.base/java.util.concurrent.ScheduledThreadPoolExecutor$DelayedWorkQueue.take(ScheduledThreadPoolExecutor.java:899)
 java.base/java.util.concurrent.ThreadPoolExecutor.getTask(ThreadPoolExecutor.java:1070)
 java.base/java.util.concurrent.ThreadPoolExecutor.runWorker(ThreadPoolExecutor.java:1130)
 java.base/java.util.concurrent.ThreadPoolExecutor$Worker.run(ThreadPoolExecutor.java:642)
 java.base/java.lang.Thread.run(Thread.java:1575)
[2m2026-03-03T23:14:13.990+01:00[0;39m [33m WARN[0;39m [35m118167[0;39m [2m---[0;39m [2m[cscm-backend] [  restartedMain][0;39m [2m[0;39m[36mo.a.c.loader.WebappClassLoaderBase      [0;39m [2m:[0;39m The web application [api] appears to have started a thread named [HikariPool-6 connection adder] but has failed to stop it. This is very likely to create a memory leak. Stack trace of thread:
 java.base/jdk.internal.misc.Unsafe.convEndian(Unsafe.java:3819)
 java.base/jdk.internal.misc.Unsafe.getIntUnaligned(Unsafe.java:3576)
 java.base/java.lang.invoke.VarHandleByteArrayAsInts$ArrayHandle.get(VarHandleByteArrayAsInts.java:108)
 java.base/sun.security.provider.ByteArrayAccess.b2iBig64(ByteArrayAccess.java:101)
 java.base/sun.security.provider.SHA2.implCompress0(SHA2.java:157)
 java.base/sun.security.provider.SHA2.implCompress(SHA2.java:135)
 java.base/sun.security.provider.DigestBase.implCompressMultiBlock0(DigestBase.java:149)
 java.base/sun.security.provider.DigestBase.implCompressMultiBlock(DigestBase.java:143)
 java.base/sun.security.provider.DigestBase.engineUpdate(DigestBase.java:130)
 java.base/java.security.MessageDigest$Delegate.engineUpdate(MessageDigest.java:655)
 java.base/java.security.MessageDigest.update(MessageDigest.java:357)
 java.base/com.sun.crypto.provider.HmacCore.engineDoFinal(HmacCore.java:236)
 java.base/javax.crypto.Mac.doFinal(Mac.java:580)
 java.base/javax.crypto.Mac.doFinal(Mac.java:623)
 java.base/com.sun.crypto.provider.PBKDF2KeyImpl.deriveKey(PBKDF2KeyImpl.java:201)
 java.base/com.sun.crypto.provider.PBKDF2KeyImpl.<init>(PBKDF2KeyImpl.java:115)
 java.base/com.sun.crypto.provider.PBKDF2Core.engineGenerateSecret(PBKDF2Core.java:68)
 java.base/javax.crypto.SecretKeyFactory.generateSecret(SecretKeyFactory.java:337)
 org.postgresql.shaded.com.ongres.scram.common.util.CryptoUtil.hi(CryptoUtil.java:120)
 org.postgresql.shaded.com.ongres.scram.common.ScramMechanisms.saltedPassword(ScramMechanisms.java:154)
 org.postgresql.shaded.com.ongres.scram.common.ScramFunctions.saltedPassword(ScramFunctions.java:59)
 org.postgresql.shaded.com.ongres.scram.client.ScramSession$ClientFinalProcessor.<init>(ScramSession.java:196)
 org.postgresql.shaded.com.ongres.scram.client.ScramSession$ClientFinalProcessor.<init>(ScramSession.java:163)
 org.postgresql.shaded.com.ongres.scram.client.ScramSession$ServerFirstProcessor.clientFinalProcessor(ScramSession.java:130)
 org.postgresql.jre7.sasl.ScramAuthenticator.processServerFirstMessage(ScramAuthenticator.java:147)
 org.postgresql.core.v3.ConnectionFactoryImpl.doAuthentication(ConnectionFactoryImpl.java:863)
 org.postgresql.core.v3.ConnectionFactoryImpl.tryConnect(ConnectionFactoryImpl.java:203)
 org.postgresql.core.v3.ConnectionFactoryImpl.openConnectionImpl(ConnectionFactoryImpl.java:258)
 org.postgresql.core.ConnectionFactory.openConnection(ConnectionFactory.java:54)
 org.postgresql.jdbc.PgConnection.<init>(PgConnection.java:263)
 org.postgresql.Driver.makeConnection(Driver.java:443)
 org.postgresql.Driver.connect(Driver.java:297)
 com.zaxxer.hikari.util.DriverDataSource.getConnection(DriverDataSource.java:138)
 com.zaxxer.hikari.pool.PoolBase.newConnection(PoolBase.java:359)
 com.zaxxer.hikari.pool.PoolBase.newPoolEntry(PoolBase.java:201)
 com.zaxxer.hikari.pool.HikariPool.createPoolEntry(HikariPool.java:470)
 com.zaxxer.hikari.pool.HikariPool$PoolEntryCreator.call(HikariPool.java:733)
 com.zaxxer.hikari.pool.HikariPool$PoolEntryCreator.call(HikariPool.java:712)
 java.base/java.util.concurrent.FutureTask.run(FutureTask.java:317)
 java.base/java.util.concurrent.ThreadPoolExecutor.runWorker(ThreadPoolExecutor.java:1144)
 java.base/java.util.concurrent.ThreadPoolExecutor$Worker.run(ThreadPoolExecutor.java:642)
 java.base/java.lang.Thread.run(Thread.java:1575)
[2m2026-03-03T23:14:13.990+01:00[0;39m [33m WARN[0;39m [35m118167[0;39m [2m---[0;39m [2m[cscm-backend] [  restartedMain][0;39m [2m[0;39m[36mConfigServletWebServerApplicationContext[0;39m [2m:[0;39m Exception encountered during context initialization - cancelling refresh attempt: org.springframework.context.ApplicationContextException: Unable to start web server
[2m2026-03-03T23:14:13.990+01:00[0;39m [32m INFO[0;39m [35m118167[0;39m [2m---[0;39m [2m[cscm-backend] [  restartedMain][0;39m [2m[0;39m[36mcom.zaxxer.hikari.HikariDataSource      [0;39m [2m:[0;39m HikariPool-6 - Shutdown initiated...
[2m2026-03-03T23:14:14.024+01:00[0;39m [32m INFO[0;39m [35m118167[0;39m [2m---[0;39m [2m[cscm-backend] [  restartedMain][0;39m [2m[0;39m[36mcom.zaxxer.hikari.HikariDataSource      [0;39m [2m:[0;39m HikariPool-6 - Shutdown completed.
[2m2026-03-03T23:14:14.051+01:00[0;39m [32m INFO[0;39m [35m118167[0;39m [2m---[0;39m [2m[cscm-backend] [  restartedMain][0;39m [2m[0;39m[36m.s.b.a.l.ConditionEvaluationReportLogger[0;39m [2m:[0;39m 

Error starting ApplicationContext. To display the condition evaluation report re-run your application with 'debug' enabled.
[2m2026-03-03T23:14:14.060+01:00[0;39m [31mERROR[0;39m [35m118167[0;39m [2m---[0;39m [2m[cscm-backend] [  restartedMain][0;39m [2m[0;39m[36mo.s.boot.SpringApplication              [0;39m [2m:[0;39m Application run failed

org.springframework.context.ApplicationContextException: Unable to start web server
	at org.springframework.boot.web.servlet.context.ServletWebServerApplicationContext.onRefresh(ServletWebServerApplicationContext.java:165) ~[spring-boot-3.2.3.jar:3.2.3]
	at org.springframework.context.support.AbstractApplicationContext.refresh(AbstractApplicationContext.java:618) ~[spring-context-6.1.4.jar:6.1.4]
	at org.springframework.boot.web.servlet.context.ServletWebServerApplicationContext.refresh(ServletWebServerApplicationContext.java:146) ~[spring-boot-3.2.3.jar:3.2.3]
	at org.springframework.boot.SpringApplication.refresh(SpringApplication.java:754) ~[spring-boot-3.2.3.jar:3.2.3]
	at org.springframework.boot.SpringApplication.refreshContext(SpringApplication.java:456) ~[spring-boot-3.2.3.jar:3.2.3]
	at org.springframework.boot.SpringApplication.run(SpringApplication.java:334) ~[spring-boot-3.2.3.jar:3.2.3]
	at org.springframework.boot.SpringApplication.run(SpringApplication.java:1354) ~[spring-boot-3.2.3.jar:3.2.3]
	at org.springframework.boot.SpringApplication.run(SpringApplication.java:1343) ~[spring-boot-3.2.3.jar:3.2.3]
	at com.cscm.backend.CscmBackendApplication.main(CscmBackendApplication.java:14) ~[classes/:na]
	at java.base/jdk.internal.reflect.DirectMethodHandleAccessor.invoke(DirectMethodHandleAccessor.java:103) ~[na:na]
	at java.base/java.lang.reflect.Method.invoke(Method.java:580) ~[na:na]
	at org.springframework.boot.devtools.restart.RestartLauncher.run(RestartLauncher.java:50) ~[spring-boot-devtools-3.2.3.jar:3.2.3]
Caused by: org.springframework.boot.web.server.WebServerException: Unable to start embedded Tomcat
	at org.springframework.boot.web.embedded.tomcat.TomcatWebServer.initialize(TomcatWebServer.java:145) ~[spring-boot-3.2.3.jar:3.2.3]
	at org.springframework.boot.web.embedded.tomcat.TomcatWebServer.<init>(TomcatWebServer.java:105) ~[spring-boot-3.2.3.jar:3.2.3]
	at org.springframework.boot.web.embedded.tomcat.TomcatServletWebServerFactory.getTomcatWebServer(TomcatServletWebServerFactory.java:499) ~[spring-boot-3.2.3.jar:3.2.3]
	at org.springframework.boot.web.embedded.tomcat.TomcatServletWebServerFactory.getWebServer(TomcatServletWebServerFactory.java:218) ~[spring-boot-3.2.3.jar:3.2.3]
	at org.springframework.boot.web.servlet.context.ServletWebServerApplicationContext.createWebServer(ServletWebServerApplicationContext.java:188) ~[spring-boot-3.2.3.jar:3.2.3]
	at org.springframework.boot.web.servlet.context.ServletWebServerApplicationContext.onRefresh(ServletWebServerApplicationContext.java:162) ~[spring-boot-3.2.3.jar:3.2.3]
	... 11 common frames omitted
Caused by: org.springframework.beans.factory.UnsatisfiedDependencyException: Error creating bean with name 'jwtAuthFilter' defined in file [/home/bala/CSCM_PROJECT/backend/target/classes/com/cscm/backend/security/JwtAuthFilter.class]: Unsatisfied dependency expressed through constructor parameter 1: Error creating bean with name 'customUserDetailsService' defined in file [/home/bala/CSCM_PROJECT/backend/target/classes/com/cscm/backend/security/CustomUserDetailsService.class]: Unsatisfied dependency expressed through constructor parameter 0: Error creating bean with name 'userRepository' defined in com.cscm.backend.repository.UserRepository defined in @EnableJpaRepositories declared on JpaRepositoriesRegistrar.EnableJpaRepositoriesConfiguration: Cannot resolve reference to bean 'jpaSharedEM_entityManagerFactory' while setting bean property 'entityManager'
	at org.springframework.beans.factory.support.ConstructorResolver.createArgumentArray(ConstructorResolver.java:798) ~[spring-beans-6.1.4.jar:6.1.4]
	at org.springframework.beans.factory.support.ConstructorResolver.autowireConstructor(ConstructorResolver.java:237) ~[spring-beans-6.1.4.jar:6.1.4]
	at org.springframework.beans.factory.support.AbstractAutowireCapableBeanFactory.autowireConstructor(AbstractAutowireCapableBeanFactory.java:1355) ~[spring-beans-6.1.4.jar:6.1.4]
	at org.springframework.beans.factory.support.AbstractAutowireCapableBeanFactory.createBeanInstance(AbstractAutowireCapableBeanFactory.java:1192) ~[spring-beans-6.1.4.jar:6.1.4]
	at org.springframework.beans.factory.support.AbstractAutowireCapableBeanFactory.doCreateBean(AbstractAutowireCapableBeanFactory.java:562) ~[spring-beans-6.1.4.jar:6.1.4]
	at org.springframework.beans.factory.support.AbstractAutowireCapableBeanFactory.createBean(AbstractAutowireCapableBeanFactory.java:522) ~[spring-beans-6.1.4.jar:6.1.4]
	at org.springframework.beans.factory.support.AbstractBeanFactory.lambda$doGetBean$0(AbstractBeanFactory.java:325) ~[spring-beans-6.1.4.jar:6.1.4]
	at org.springframework.beans.factory.support.DefaultSingletonBeanRegistry.getSingleton(DefaultSingletonBeanRegistry.java:234) ~[spring-beans-6.1.4.jar:6.1.4]
	at org.springframework.beans.factory.support.AbstractBeanFactory.doGetBean(AbstractBeanFactory.java:323) ~[spring-beans-6.1.4.jar:6.1.4]
	at org.springframework.beans.factory.support.AbstractBeanFactory.getBean(AbstractBeanFactory.java:204) ~[spring-beans-6.1.4.jar:6.1.4]
	at org.springframework.boot.web.servlet.ServletContextInitializerBeans.getOrderedBeansOfType(ServletContextInitializerBeans.java:210) ~[spring-boot-3.2.3.jar:3.2.3]
	at org.springframework.boot.web.servlet.ServletContextInitializerBeans.addAsRegistrationBean(ServletContextInitializerBeans.java:173) ~[spring-boot-3.2.3.jar:3.2.3]
	at org.springframework.boot.web.servlet.ServletContextInitializerBeans.addAsRegistrationBean(ServletContextInitializerBeans.java:168) ~[spring-boot-3.2.3.jar:3.2.3]
	at org.springframework.boot.web.servlet.ServletContextInitializerBeans.addAdaptableBeans(ServletContextInitializerBeans.java:153) ~[spring-boot-3.2.3.jar:3.2.3]
	at org.springframework.boot.web.servlet.ServletContextInitializerBeans.<init>(ServletContextInitializerBeans.java:86) ~[spring-boot-3.2.3.jar:3.2.3]
	at org.springframework.boot.web.servlet.context.ServletWebServerApplicationContext.getServletContextInitializerBeans(ServletWebServerApplicationContext.java:266) ~[spring-boot-3.2.3.jar:3.2.3]
	at org.springframework.boot.web.servlet.context.ServletWebServerApplicationContext.selfInitialize(ServletWebServerApplicationContext.java:240) ~[spring-boot-3.2.3.jar:3.2.3]
	at org.springframework.boot.web.embedded.tomcat.TomcatStarter.onStartup(TomcatStarter.java:52) ~[spring-boot-3.2.3.jar:3.2.3]
	at org.apache.catalina.core.StandardContext.startInternal(StandardContext.java:4866) ~[tomcat-embed-core-10.1.19.jar:10.1.19]
	at org.apache.catalina.util.LifecycleBase.start(LifecycleBase.java:171) ~[tomcat-embed-core-10.1.19.jar:10.1.19]
	at org.apache.catalina.core.ContainerBase$StartChild.call(ContainerBase.java:1332) ~[tomcat-embed-core-10.1.19.jar:10.1.19]
	at org.apache.catalina.core.ContainerBase$StartChild.call(ContainerBase.java:1322) ~[tomcat-embed-core-10.1.19.jar:10.1.19]
	at java.base/java.util.concurrent.FutureTask.run(FutureTask.java:317) ~[na:na]
	at org.apache.tomcat.util.threads.InlineExecutorService.execute(InlineExecutorService.java:75) ~[tomcat-embed-core-10.1.19.jar:10.1.19]
	at java.base/java.util.concurrent.AbstractExecutorService.submit(AbstractExecutorService.java:148) ~[na:na]
	at org.apache.catalina.core.ContainerBase.startInternal(ContainerBase.java:866) ~[tomcat-embed-core-10.1.19.jar:10.1.19]
	at org.apache.catalina.core.StandardHost.startInternal(StandardHost.java:845) ~[tomcat-embed-core-10.1.19.jar:10.1.19]
	at org.apache.catalina.util.LifecycleBase.start(LifecycleBase.java:171) ~[tomcat-embed-core-10.1.19.jar:10.1.19]
	at org.apache.catalina.core.ContainerBase$StartChild.call(ContainerBase.java:1332) ~[tomcat-embed-core-10.1.19.jar:10.1.19]
	at org.apache.catalina.core.ContainerBase$StartChild.call(ContainerBase.java:1322) ~[tomcat-embed-core-10.1.19.jar:10.1.19]
	at java.base/java.util.concurrent.FutureTask.run(FutureTask.java:317) ~[na:na]
	at org.apache.tomcat.util.threads.InlineExecutorService.execute(InlineExecutorService.java:75) ~[tomcat-embed-core-10.1.19.jar:10.1.19]
	at java.base/java.util.concurrent.AbstractExecutorService.submit(AbstractExecutorService.java:148) ~[na:na]
	at org.apache.catalina.core.ContainerBase.startInternal(ContainerBase.java:866) ~[tomcat-embed-core-10.1.19.jar:10.1.19]
	at org.apache.catalina.core.StandardEngine.startInternal(StandardEngine.java:240) ~[tomcat-embed-core-10.1.19.jar:10.1.19]
	at org.apache.catalina.util.LifecycleBase.start(LifecycleBase.java:171) ~[tomcat-embed-core-10.1.19.jar:10.1.19]
	at org.apache.catalina.core.StandardService.startInternal(StandardService.java:433) ~[tomcat-embed-core-10.1.19.jar:10.1.19]
	at org.apache.catalina.util.LifecycleBase.start(LifecycleBase.java:171) ~[tomcat-embed-core-10.1.19.jar:10.1.19]
	at org.apache.catalina.core.StandardServer.startInternal(StandardServer.java:921) ~[tomcat-embed-core-10.1.19.jar:10.1.19]
	at org.apache.catalina.util.LifecycleBase.start(LifecycleBase.java:171) ~[tomcat-embed-core-10.1.19.jar:10.1.19]
	at org.apache.catalina.startup.Tomcat.start(Tomcat.java:437) ~[tomcat-embed-core-10.1.19.jar:10.1.19]
	at org.springframework.boot.web.embedded.tomcat.TomcatWebServer.initialize(TomcatWebServer.java:126) ~[spring-boot-3.2.3.jar:3.2.3]
	... 16 common frames omitted
Caused by: org.springframework.beans.factory.UnsatisfiedDependencyException: Error creating bean with name 'customUserDetailsService' defined in file [/home/bala/CSCM_PROJECT/backend/target/classes/com/cscm/backend/security/CustomUserDetailsService.class]: Unsatisfied dependency expressed through constructor parameter 0: Error creating bean with name 'userRepository' defined in com.cscm.backend.repository.UserRepository defined in @EnableJpaRepositories declared on JpaRepositoriesRegistrar.EnableJpaRepositoriesConfiguration: Cannot resolve reference to bean 'jpaSharedEM_entityManagerFactory' while setting bean property 'entityManager'
	at org.springframework.beans.factory.support.ConstructorResolver.createArgumentArray(ConstructorResolver.java:798) ~[spring-beans-6.1.4.jar:6.1.4]
	at org.springframework.beans.factory.support.ConstructorResolver.autowireConstructor(ConstructorResolver.java:237) ~[spring-beans-6.1.4.jar:6.1.4]
	at org.springframework.beans.factory.support.AbstractAutowireCapableBeanFactory.autowireConstructor(AbstractAutowireCapableBeanFactory.java:1355) ~[spring-beans-6.1.4.jar:6.1.4]
	at org.springframework.beans.factory.support.AbstractAutowireCapableBeanFactory.createBeanInstance(AbstractAutowireCapableBeanFactory.java:1192) ~[spring-beans-6.1.4.jar:6.1.4]
	at org.springframework.beans.factory.support.AbstractAutowireCapableBeanFactory.doCreateBean(AbstractAutowireCapableBeanFactory.java:562) ~[spring-beans-6.1.4.jar:6.1.4]
	at org.springframework.beans.factory.support.AbstractAutowireCapableBeanFactory.createBean(AbstractAutowireCapableBeanFactory.java:522) ~[spring-beans-6.1.4.jar:6.1.4]
	at org.springframework.beans.factory.support.AbstractBeanFactory.lambda$doGetBean$0(AbstractBeanFactory.java:325) ~[spring-beans-6.1.4.jar:6.1.4]
	at org.springframework.beans.factory.support.DefaultSingletonBeanRegistry.getSingleton(DefaultSingletonBeanRegistry.java:234) ~[spring-beans-6.1.4.jar:6.1.4]
	at org.springframework.beans.factory.support.AbstractBeanFactory.doGetBean(AbstractBeanFactory.java:323) ~[spring-beans-6.1.4.jar:6.1.4]
	at org.springframework.beans.factory.support.AbstractBeanFactory.getBean(AbstractBeanFactory.java:199) ~[spring-beans-6.1.4.jar:6.1.4]
	at org.springframework.beans.factory.config.DependencyDescriptor.resolveCandidate(DependencyDescriptor.java:254) ~[spring-beans-6.1.4.jar:6.1.4]
	at org.springframework.beans.factory.support.DefaultListableBeanFactory.doResolveDependency(DefaultListableBeanFactory.java:1443) ~[spring-beans-6.1.4.jar:6.1.4]
	at org.springframework.beans.factory.support.DefaultListableBeanFactory.resolveDependency(DefaultListableBeanFactory.java:1353) ~[spring-beans-6.1.4.jar:6.1.4]
	at org.springframework.beans.factory.support.ConstructorResolver.resolveAutowiredArgument(ConstructorResolver.java:907) ~[spring-beans-6.1.4.jar:6.1.4]
	at org.springframework.beans.factory.support.ConstructorResolver.createArgumentArray(ConstructorResolver.java:785) ~[spring-beans-6.1.4.jar:6.1.4]
	... 57 common frames omitted
Caused by: org.springframework.beans.factory.BeanCreationException: Error creating bean with name 'userRepository' defined in com.cscm.backend.repository.UserRepository defined in @EnableJpaRepositories declared on JpaRepositoriesRegistrar.EnableJpaRepositoriesConfiguration: Cannot resolve reference to bean 'jpaSharedEM_entityManagerFactory' while setting bean property 'entityManager'
	at org.springframework.beans.factory.support.BeanDefinitionValueResolver.resolveReference(BeanDefinitionValueResolver.java:377) ~[spring-beans-6.1.4.jar:6.1.4]
	at org.springframework.beans.factory.support.BeanDefinitionValueResolver.resolveValueIfNecessary(BeanDefinitionValueResolver.java:135) ~[spring-beans-6.1.4.jar:6.1.4]
	at org.springframework.beans.factory.support.AbstractAutowireCapableBeanFactory.applyPropertyValues(AbstractAutowireCapableBeanFactory.java:1685) ~[spring-beans-6.1.4.jar:6.1.4]
	at org.springframework.beans.factory.support.AbstractAutowireCapableBeanFactory.populateBean(AbstractAutowireCapableBeanFactory.java:1434) ~[spring-beans-6.1.4.jar:6.1.4]
	at org.springframework.beans.factory.support.AbstractAutowireCapableBeanFactory.doCreateBean(AbstractAutowireCapableBeanFactory.java:599) ~[spring-beans-6.1.4.jar:6.1.4]
	at org.springframework.beans.factory.support.AbstractAutowireCapableBeanFactory.createBean(AbstractAutowireCapableBeanFactory.java:522) ~[spring-beans-6.1.4.jar:6.1.4]
	at org.springframework.beans.factory.support.AbstractBeanFactory.lambda$doGetBean$0(AbstractBeanFactory.java:325) ~[spring-beans-6.1.4.jar:6.1.4]
	at org.springframework.beans.factory.support.DefaultSingletonBeanRegistry.getSingleton(DefaultSingletonBeanRegistry.java:234) ~[spring-beans-6.1.4.jar:6.1.4]
	at org.springframework.beans.factory.support.AbstractBeanFactory.doGetBean(AbstractBeanFactory.java:323) ~[spring-beans-6.1.4.jar:6.1.4]
	at org.springframework.beans.factory.support.AbstractBeanFactory.getBean(AbstractBeanFactory.java:199) ~[spring-beans-6.1.4.jar:6.1.4]
	at org.springframework.beans.factory.config.DependencyDescriptor.resolveCandidate(DependencyDescriptor.java:254) ~[spring-beans-6.1.4.jar:6.1.4]
	at org.springframework.beans.factory.support.DefaultListableBeanFactory.doResolveDependency(DefaultListableBeanFactory.java:1443) ~[spring-beans-6.1.4.jar:6.1.4]
	at org.springframework.beans.factory.support.DefaultListableBeanFactory.resolveDependency(DefaultListableBeanFactory.java:1353) ~[spring-beans-6.1.4.jar:6.1.4]
	at org.springframework.beans.factory.support.ConstructorResolver.resolveAutowiredArgument(ConstructorResolver.java:907) ~[spring-beans-6.1.4.jar:6.1.4]
	at org.springframework.beans.factory.support.ConstructorResolver.createArgumentArray(ConstructorResolver.java:785) ~[spring-beans-6.1.4.jar:6.1.4]
	... 71 common frames omitted
Caused by: org.springframework.beans.factory.BeanCreationException: Error creating bean with name 'jpaSharedEM_entityManagerFactory': Cannot resolve reference to bean 'entityManagerFactory' while setting constructor argument
	at org.springframework.beans.factory.support.BeanDefinitionValueResolver.resolveReference(BeanDefinitionValueResolver.java:377) ~[spring-beans-6.1.4.jar:6.1.4]
	at org.springframework.beans.factory.support.BeanDefinitionValueResolver.resolveValueIfNecessary(BeanDefinitionValueResolver.java:135) ~[spring-beans-6.1.4.jar:6.1.4]
	at org.springframework.beans.factory.support.ConstructorResolver.resolveConstructorArguments(ConstructorResolver.java:685) ~[spring-beans-6.1.4.jar:6.1.4]
	at org.springframework.beans.factory.support.ConstructorResolver.instantiateUsingFactoryMethod(ConstructorResolver.java:509) ~[spring-beans-6.1.4.jar:6.1.4]
	at org.springframework.beans.factory.support.AbstractAutowireCapableBeanFactory.instantiateUsingFactoryMethod(AbstractAutowireCapableBeanFactory.java:1335) ~[spring-beans-6.1.4.jar:6.1.4]
	at org.springframework.beans.factory.support.AbstractAutowireCapableBeanFactory.createBeanInstance(AbstractAutowireCapableBeanFactory.java:1165) ~[spring-beans-6.1.4.jar:6.1.4]
	at org.springframework.beans.factory.support.AbstractAutowireCapableBeanFactory.doCreateBean(AbstractAutowireCapableBeanFactory.java:562) ~[spring-beans-6.1.4.jar:6.1.4]
	at org.springframework.beans.factory.support.AbstractAutowireCapableBeanFactory.createBean(AbstractAutowireCapableBeanFactory.java:522) ~[spring-beans-6.1.4.jar:6.1.4]
	at org.springframework.beans.factory.support.AbstractBeanFactory.lambda$doGetBean$0(AbstractBeanFactory.java:325) ~[spring-beans-6.1.4.jar:6.1.4]
	at org.springframework.beans.factory.support.DefaultSingletonBeanRegistry.getSingleton(DefaultSingletonBeanRegistry.java:234) ~[spring-beans-6.1.4.jar:6.1.4]
	at org.springframework.beans.factory.support.AbstractBeanFactory.doGetBean(AbstractBeanFactory.java:323) ~[spring-beans-6.1.4.jar:6.1.4]
	at org.springframework.beans.factory.support.AbstractBeanFactory.getBean(AbstractBeanFactory.java:199) ~[spring-beans-6.1.4.jar:6.1.4]
	at org.springframework.beans.factory.support.BeanDefinitionValueResolver.resolveReference(BeanDefinitionValueResolver.java:365) ~[spring-beans-6.1.4.jar:6.1.4]
	... 85 common frames omitted
Caused by: org.springframework.beans.factory.BeanCreationException: Error creating bean with name 'flywayInitializer' defined in class path resource [org/springframework/boot/autoconfigure/flyway/FlywayAutoConfiguration$FlywayConfiguration.class]: Migration V4__seed_demo_data.sql failed
---------------------------------------
SQL State  : 22P02
Error Code : 0
Message    : ERROR: invalid input syntax for type uuid: "g1000000-0000-0000-0000-000000000001"
  Position : 587
Location   : db/migration/V4__seed_demo_data.sql (/home/bala/CSCM_PROJECT/backend/target/classes/db/migration/V4__seed_demo_data.sql)
Line       : 210
Statement  : -- ────────────────────────────────────────────────────────────
-- 8. ALLERGIES – colonnes per V1:
--    id, carnet_id, nom_allergene, type_allergene,
--    type_reaction (ERUPTION|ANAPHYLAXIE|NAUSEE|AUTRE),
--    gravite (LEGERE|MODEREE|SEVERE|MORTELLE),
--    traitement_urgence, medecin_notificateur, active
-- ────────────────────────────────────────────────────────────
INSERT INTO allergies (id, carnet_id, nom_allergene, type_allergene,
                       type_reaction, gravite, traitement_urgence,
                       medecin_notificateur, active, created_at)
VALUES
  ('g1000000-0000-0000-0000-000000000001',
   'd1000000-0000-0000-0000-000000000001',
   'Penicilline', 'MEDICAMENT',
   'ANAPHYLAXIE', 'SEVERE',
   'Adrenaline 0.3mg IM + antihistaminiques IV + appel SAMU',
   'b2000000-0000-0000-0000-000000000001', true, NOW()),

  ('g1000000-0000-0000-0000-000000000002',
   'd1000000-0000-0000-0000-000000000001',
   'Aspirine (AAS)', 'MEDICAMENT',
   'AUTRE', 'MODEREE',
   'Bronchodilatateur + antihistaminiques',
   'b2000000-0000-0000-0000-000000000001', true, NOW()),

  ('g1000000-0000-0000-0000-000000000003',
   'd1000000-0000-0000-0000-000000000002',
   'Arachides', 'ALIMENTAIRE',
   'ANAPHYLAXIE', 'SEVERE',
   'Auto-injecteur d''adrenaline (EpiPen) + SAMU',
   'b2000000-0000-0000-0000-000000000002', true, NOW())

	at org.springframework.beans.factory.support.AbstractAutowireCapableBeanFactory.initializeBean(AbstractAutowireCapableBeanFactory.java:1786) ~[spring-beans-6.1.4.jar:6.1.4]
	at org.springframework.beans.factory.support.AbstractAutowireCapableBeanFactory.doCreateBean(AbstractAutowireCapableBeanFactory.java:600) ~[spring-beans-6.1.4.jar:6.1.4]
	at org.springframework.beans.factory.support.AbstractAutowireCapableBeanFactory.createBean(AbstractAutowireCapableBeanFactory.java:522) ~[spring-beans-6.1.4.jar:6.1.4]
	at org.springframework.beans.factory.support.AbstractBeanFactory.lambda$doGetBean$0(AbstractBeanFactory.java:325) ~[spring-beans-6.1.4.jar:6.1.4]
	at org.springframework.beans.factory.support.DefaultSingletonBeanRegistry.getSingleton(DefaultSingletonBeanRegistry.java:234) ~[spring-beans-6.1.4.jar:6.1.4]
	at org.springframework.beans.factory.support.AbstractBeanFactory.doGetBean(AbstractBeanFactory.java:323) ~[spring-beans-6.1.4.jar:6.1.4]
	at org.springframework.beans.factory.support.AbstractBeanFactory.getBean(AbstractBeanFactory.java:199) ~[spring-beans-6.1.4.jar:6.1.4]
	at org.springframework.beans.factory.support.AbstractBeanFactory.doGetBean(AbstractBeanFactory.java:312) ~[spring-beans-6.1.4.jar:6.1.4]
	at org.springframework.beans.factory.support.AbstractBeanFactory.getBean(AbstractBeanFactory.java:199) ~[spring-beans-6.1.4.jar:6.1.4]
	at org.springframework.beans.factory.support.BeanDefinitionValueResolver.resolveReference(BeanDefinitionValueResolver.java:365) ~[spring-beans-6.1.4.jar:6.1.4]
	... 97 common frames omitted
Caused by: org.flywaydb.core.internal.command.DbMigrate$FlywayMigrateException: Migration V4__seed_demo_data.sql failed
---------------------------------------
SQL State  : 22P02
Error Code : 0
Message    : ERROR: invalid input syntax for type uuid: "g1000000-0000-0000-0000-000000000001"
  Position : 587
Location   : db/migration/V4__seed_demo_data.sql (/home/bala/CSCM_PROJECT/backend/target/classes/db/migration/V4__seed_demo_data.sql)
Line       : 210
Statement  : -- ────────────────────────────────────────────────────────────
-- 8. ALLERGIES – colonnes per V1:
--    id, carnet_id, nom_allergene, type_allergene,
--    type_reaction (ERUPTION|ANAPHYLAXIE|NAUSEE|AUTRE),
--    gravite (LEGERE|MODEREE|SEVERE|MORTELLE),
--    traitement_urgence, medecin_notificateur, active
-- ────────────────────────────────────────────────────────────
INSERT INTO allergies (id, carnet_id, nom_allergene, type_allergene,
                       type_reaction, gravite, traitement_urgence,
                       medecin_notificateur, active, created_at)
VALUES
  ('g1000000-0000-0000-0000-000000000001',
   'd1000000-0000-0000-0000-000000000001',
   'Penicilline', 'MEDICAMENT',
   'ANAPHYLAXIE', 'SEVERE',
   'Adrenaline 0.3mg IM + antihistaminiques IV + appel SAMU',
   'b2000000-0000-0000-0000-000000000001', true, NOW()),

  ('g1000000-0000-0000-0000-000000000002',
   'd1000000-0000-0000-0000-000000000001',
   'Aspirine (AAS)', 'MEDICAMENT',
   'AUTRE', 'MODEREE',
   'Bronchodilatateur + antihistaminiques',
   'b2000000-0000-0000-0000-000000000001', true, NOW()),

  ('g1000000-0000-0000-0000-000000000003',
   'd1000000-0000-0000-0000-000000000002',
   'Arachides', 'ALIMENTAIRE',
   'ANAPHYLAXIE', 'SEVERE',
   'Auto-injecteur d''adrenaline (EpiPen) + SAMU',
   'b2000000-0000-0000-0000-000000000002', true, NOW())

	at org.flywaydb.core.internal.command.DbMigrate.doMigrateGroup(DbMigrate.java:382) ~[flyway-core-9.22.3.jar:na]
	at org.flywaydb.core.internal.command.DbMigrate.lambda$applyMigrations$1(DbMigrate.java:272) ~[flyway-core-9.22.3.jar:na]
	at org.flywaydb.core.internal.jdbc.TransactionalExecutionTemplate.execute(TransactionalExecutionTemplate.java:55) ~[flyway-core-9.22.3.jar:na]
	at org.flywaydb.core.internal.command.DbMigrate.applyMigrations(DbMigrate.java:271) ~[flyway-core-9.22.3.jar:na]
	at org.flywaydb.core.internal.command.DbMigrate.migrateGroup(DbMigrate.java:244) ~[flyway-core-9.22.3.jar:na]
	at org.flywaydb.core.internal.command.DbMigrate.lambda$migrateAll$0(DbMigrate.java:139) ~[flyway-core-9.22.3.jar:na]
	at org.flywaydb.core.internal.database.postgresql.PostgreSQLAdvisoryLockTemplate.execute(PostgreSQLAdvisoryLockTemplate.java:73) ~[flyway-core-9.22.3.jar:na]
	at org.flywaydb.core.internal.database.postgresql.PostgreSQLAdvisoryLockTemplate.lambda$execute$0(PostgreSQLAdvisoryLockTemplate.java:56) ~[flyway-core-9.22.3.jar:na]
	at org.flywaydb.core.internal.jdbc.TransactionalExecutionTemplate.execute(TransactionalExecutionTemplate.java:55) ~[flyway-core-9.22.3.jar:na]
	at org.flywaydb.core.internal.database.postgresql.PostgreSQLAdvisoryLockTemplate.execute(PostgreSQLAdvisoryLockTemplate.java:56) ~[flyway-core-9.22.3.jar:na]
	at org.flywaydb.core.internal.database.postgresql.PostgreSQLConnection.lock(PostgreSQLConnection.java:96) ~[flyway-core-9.22.3.jar:na]
	at org.flywaydb.core.internal.schemahistory.JdbcTableSchemaHistory.lock(JdbcTableSchemaHistory.java:144) ~[flyway-core-9.22.3.jar:na]
	at org.flywaydb.core.internal.command.DbMigrate.migrateAll(DbMigrate.java:139) ~[flyway-core-9.22.3.jar:na]
	at org.flywaydb.core.internal.command.DbMigrate.migrate(DbMigrate.java:97) ~[flyway-core-9.22.3.jar:na]
	at org.flywaydb.core.Flyway.lambda$migrate$0(Flyway.java:188) ~[flyway-core-9.22.3.jar:na]
	at org.flywaydb.core.FlywayExecutor.execute(FlywayExecutor.java:213) ~[flyway-core-9.22.3.jar:na]
	at org.flywaydb.core.Flyway.migrate(Flyway.java:140) ~[flyway-core-9.22.3.jar:na]
	at org.springframework.boot.autoconfigure.flyway.FlywayMigrationInitializer.afterPropertiesSet(FlywayMigrationInitializer.java:66) ~[spring-boot-autoconfigure-3.2.3.jar:3.2.3]
	at org.springframework.beans.factory.support.AbstractAutowireCapableBeanFactory.invokeInitMethods(AbstractAutowireCapableBeanFactory.java:1833) ~[spring-beans-6.1.4.jar:6.1.4]
	at org.springframework.beans.factory.support.AbstractAutowireCapableBeanFactory.initializeBean(AbstractAutowireCapableBeanFactory.java:1782) ~[spring-beans-6.1.4.jar:6.1.4]
	... 106 common frames omitted
Caused by: org.flywaydb.core.internal.sqlscript.FlywaySqlScriptException: Migration V4__seed_demo_data.sql failed
---------------------------------------
SQL State  : 22P02
Error Code : 0
Message    : ERROR: invalid input syntax for type uuid: "g1000000-0000-0000-0000-000000000001"
  Position : 587
Location   : db/migration/V4__seed_demo_data.sql (/home/bala/CSCM_PROJECT/backend/target/classes/db/migration/V4__seed_demo_data.sql)
Line       : 210
Statement  : -- ────────────────────────────────────────────────────────────
-- 8. ALLERGIES – colonnes per V1:
--    id, carnet_id, nom_allergene, type_allergene,
--    type_reaction (ERUPTION|ANAPHYLAXIE|NAUSEE|AUTRE),
--    gravite (LEGERE|MODEREE|SEVERE|MORTELLE),
--    traitement_urgence, medecin_notificateur, active
-- ────────────────────────────────────────────────────────────
INSERT INTO allergies (id, carnet_id, nom_allergene, type_allergene,
                       type_reaction, gravite, traitement_urgence,
                       medecin_notificateur, active, created_at)
VALUES
  ('g1000000-0000-0000-0000-000000000001',
   'd1000000-0000-0000-0000-000000000001',
   'Penicilline', 'MEDICAMENT',
   'ANAPHYLAXIE', 'SEVERE',
   'Adrenaline 0.3mg IM + antihistaminiques IV + appel SAMU',
   'b2000000-0000-0000-0000-000000000001', true, NOW()),

  ('g1000000-0000-0000-0000-000000000002',
   'd1000000-0000-0000-0000-000000000001',
   'Aspirine (AAS)', 'MEDICAMENT',
   'AUTRE', 'MODEREE',
   'Bronchodilatateur + antihistaminiques',
   'b2000000-0000-0000-0000-000000000001', true, NOW()),

  ('g1000000-0000-0000-0000-000000000003',
   'd1000000-0000-0000-0000-000000000002',
   'Arachides', 'ALIMENTAIRE',
   'ANAPHYLAXIE', 'SEVERE',
   'Auto-injecteur d''adrenaline (EpiPen) + SAMU',
   'b2000000-0000-0000-0000-000000000002', true, NOW())

	at org.flywaydb.core.internal.sqlscript.DefaultSqlScriptExecutor.handleException(DefaultSqlScriptExecutor.java:267) ~[flyway-core-9.22.3.jar:na]
	at org.flywaydb.core.internal.sqlscript.DefaultSqlScriptExecutor.executeStatement(DefaultSqlScriptExecutor.java:222) ~[flyway-core-9.22.3.jar:na]
	at org.flywaydb.core.internal.sqlscript.DefaultSqlScriptExecutor.execute(DefaultSqlScriptExecutor.java:126) ~[flyway-core-9.22.3.jar:na]
	at org.flywaydb.core.internal.resolver.sql.SqlMigrationExecutor.executeOnce(SqlMigrationExecutor.java:68) ~[flyway-core-9.22.3.jar:na]
	at org.flywaydb.core.internal.resolver.sql.SqlMigrationExecutor.lambda$execute$0(SqlMigrationExecutor.java:57) ~[flyway-core-9.22.3.jar:na]
	at org.flywaydb.core.internal.database.DefaultExecutionStrategy.execute(DefaultExecutionStrategy.java:27) ~[flyway-core-9.22.3.jar:na]
	at org.flywaydb.core.internal.resolver.sql.SqlMigrationExecutor.execute(SqlMigrationExecutor.java:56) ~[flyway-core-9.22.3.jar:na]
	at org.flywaydb.core.internal.command.DbMigrate.doMigrateGroup(DbMigrate.java:374) ~[flyway-core-9.22.3.jar:na]
	... 125 common frames omitted
Caused by: org.postgresql.util.PSQLException: ERROR: invalid input syntax for type uuid: "g1000000-0000-0000-0000-000000000001"
  Position : 587
	at org.postgresql.core.v3.QueryExecutorImpl.receiveErrorResponse(QueryExecutorImpl.java:2713) ~[postgresql-42.6.1.jar:42.6.1]
	at org.postgresql.core.v3.QueryExecutorImpl.processResults(QueryExecutorImpl.java:2401) ~[postgresql-42.6.1.jar:42.6.1]
	at org.postgresql.core.v3.QueryExecutorImpl.execute(QueryExecutorImpl.java:368) ~[postgresql-42.6.1.jar:42.6.1]
	at org.postgresql.jdbc.PgStatement.executeInternal(PgStatement.java:498) ~[postgresql-42.6.1.jar:42.6.1]
	at org.postgresql.jdbc.PgStatement.execute(PgStatement.java:415) ~[postgresql-42.6.1.jar:42.6.1]
	at org.postgresql.jdbc.PgStatement.executeWithFlags(PgStatement.java:335) ~[postgresql-42.6.1.jar:42.6.1]
	at org.postgresql.jdbc.PgStatement.executeCachedSql(PgStatement.java:321) ~[postgresql-42.6.1.jar:42.6.1]
	at org.postgresql.jdbc.PgStatement.executeWithFlags(PgStatement.java:297) ~[postgresql-42.6.1.jar:42.6.1]
	at org.postgresql.jdbc.PgStatement.execute(PgStatement.java:292) ~[postgresql-42.6.1.jar:42.6.1]
	at com.zaxxer.hikari.pool.ProxyStatement.execute(ProxyStatement.java:94) ~[HikariCP-5.0.1.jar:na]
	at com.zaxxer.hikari.pool.HikariProxyStatement.execute(HikariProxyStatement.java) ~[HikariCP-5.0.1.jar:na]
	at org.flywaydb.core.internal.jdbc.JdbcTemplate.executeStatement(JdbcTemplate.java:201) ~[flyway-core-9.22.3.jar:na]
	at org.flywaydb.core.internal.sqlscript.ParsedSqlStatement.execute(ParsedSqlStatement.java:95) ~[flyway-core-9.22.3.jar:na]
	at org.flywaydb.core.internal.sqlscript.DefaultSqlScriptExecutor.executeStatement(DefaultSqlScriptExecutor.java:210) ~[flyway-core-9.22.3.jar:na]
	... 131 common frames omitted


  .   ____          _            __ _ _
 /\\ / ___'_ __ _ _(_)_ __  __ _ \ \ \ \
( ( )\___ | '_ | '_| | '_ \/ _` | \ \ \ \
 \\/  ___)| |_)| | | | | || (_| |  ) ) ) )
  '  |____| .__|_| |_|_| |_\__, | / / / /
 =========|_|==============|___/=/_/_/_/
[32m :: Spring Boot :: [39m              [2m (v3.2.3)[0;39m

[2m2026-03-03T23:17:13.146+01:00[0;39m [32m INFO[0;39m [35m118167[0;39m [2m---[0;39m [2m[cscm-backend] [  restartedMain][0;39m [2m[0;39m[36mc.cscm.backend.CscmBackendApplication   [0;39m [2m:[0;39m Starting CscmBackendApplication using Java 23 with PID 118167 (/home/bala/CSCM_PROJECT/backend/target/classes started by bala in /home/bala/CSCM_PROJECT/backend)
[2m2026-03-03T23:17:13.146+01:00[0;39m [32mDEBUG[0;39m [35m118167[0;39m [2m---[0;39m [2m[cscm-backend] [  restartedMain][0;39m [2m[0;39m[36mc.cscm.backend.CscmBackendApplication   [0;39m [2m:[0;39m Running with Spring Boot v3.2.3, Spring v6.1.4
[2m2026-03-03T23:17:13.146+01:00[0;39m [32m INFO[0;39m [35m118167[0;39m [2m---[0;39m [2m[cscm-backend] [  restartedMain][0;39m [2m[0;39m[36mc.cscm.backend.CscmBackendApplication   [0;39m [2m:[0;39m No active profile set, falling back to 1 default profile: "default"
[2m2026-03-03T23:17:13.729+01:00[0;39m [32m INFO[0;39m [35m118167[0;39m [2m---[0;39m [2m[cscm-backend] [  restartedMain][0;39m [2m[0;39m[36m.s.d.r.c.RepositoryConfigurationDelegate[0;39m [2m:[0;39m Bootstrapping Spring Data JPA repositories in DEFAULT mode.
[2m2026-03-03T23:17:13.758+01:00[0;39m [32m INFO[0;39m [35m118167[0;39m [2m---[0;39m [2m[cscm-backend] [  restartedMain][0;39m [2m[0;39m[36m.s.d.r.c.RepositoryConfigurationDelegate[0;39m [2m:[0;39m Finished Spring Data repository scanning in 28 ms. Found 17 JPA repository interfaces.
[2m2026-03-03T23:17:13.949+01:00[0;39m [32m INFO[0;39m [35m118167[0;39m [2m---[0;39m [2m[cscm-backend] [  restartedMain][0;39m [2m[0;39m[36mo.s.b.w.embedded.tomcat.TomcatWebServer [0;39m [2m:[0;39m Tomcat initialized with port 8080 (http)
[2m2026-03-03T23:17:13.949+01:00[0;39m [32m INFO[0;39m [35m118167[0;39m [2m---[0;39m [2m[cscm-backend] [  restartedMain][0;39m [2m[0;39m[36mo.apache.catalina.core.StandardService  [0;39m [2m:[0;39m Starting service [Tomcat]
[2m2026-03-03T23:17:13.950+01:00[0;39m [32m INFO[0;39m [35m118167[0;39m [2m---[0;39m [2m[cscm-backend] [  restartedMain][0;39m [2m[0;39m[36mo.apache.catalina.core.StandardEngine   [0;39m [2m:[0;39m Starting Servlet engine: [Apache Tomcat/10.1.19]
[2m2026-03-03T23:17:13.957+01:00[0;39m [32m INFO[0;39m [35m118167[0;39m [2m---[0;39m [2m[cscm-backend] [  restartedMain][0;39m [2m[0;39m[36mo.a.c.c.C.[Tomcat-5].[localhost].[/api] [0;39m [2m:[0;39m Initializing Spring embedded WebApplicationContext
[2m2026-03-03T23:17:13.957+01:00[0;39m [32m INFO[0;39m [35m118167[0;39m [2m---[0;39m [2m[cscm-backend] [  restartedMain][0;39m [2m[0;39m[36mw.s.c.ServletWebServerApplicationContext[0;39m [2m:[0;39m Root WebApplicationContext: initialization completed in 805 ms
[2m2026-03-03T23:17:14.108+01:00[0;39m [32m INFO[0;39m [35m118167[0;39m [2m---[0;39m [2m[cscm-backend] [  restartedMain][0;39m [2m[0;39m[36mcom.zaxxer.hikari.HikariDataSource      [0;39m [2m:[0;39m HikariPool-7 - Starting...
[2m2026-03-03T23:17:14.143+01:00[0;39m [32m INFO[0;39m [35m118167[0;39m [2m---[0;39m [2m[cscm-backend] [  restartedMain][0;39m [2m[0;39m[36mcom.zaxxer.hikari.pool.HikariPool       [0;39m [2m:[0;39m HikariPool-7 - Added connection org.postgresql.jdbc.PgConnection@328bfc23
[2m2026-03-03T23:17:14.144+01:00[0;39m [32m INFO[0;39m [35m118167[0;39m [2m---[0;39m [2m[cscm-backend] [  restartedMain][0;39m [2m[0;39m[36mcom.zaxxer.hikari.HikariDataSource      [0;39m [2m:[0;39m HikariPool-7 - Start completed.
[2m2026-03-03T23:17:14.154+01:00[0;39m [32m INFO[0;39m [35m118167[0;39m [2m---[0;39m [2m[cscm-backend] [  restartedMain][0;39m [2m[0;39m[36morg.flywaydb.core.FlywayExecutor        [0;39m [2m:[0;39m Database: jdbc:postgresql://localhost:5432/cscm_db (PostgreSQL 15.5)
[2m2026-03-03T23:17:14.162+01:00[0;39m [32m INFO[0;39m [35m118167[0;39m [2m---[0;39m [2m[cscm-backend] [  restartedMain][0;39m [2m[0;39m[36mo.f.core.internal.command.DbValidate    [0;39m [2m:[0;39m Successfully validated 4 migrations (execution time 00:00.004s)
[2m2026-03-03T23:17:14.206+01:00[0;39m [32m INFO[0;39m [35m118167[0;39m [2m---[0;39m [2m[cscm-backend] [  restartedMain][0;39m [2m[0;39m[36mo.f.core.internal.command.DbMigrate     [0;39m [2m:[0;39m Current version of schema "public": 3
[2m2026-03-03T23:17:14.218+01:00[0;39m [32m INFO[0;39m [35m118167[0;39m [2m---[0;39m [2m[cscm-backend] [  restartedMain][0;39m [2m[0;39m[36mo.f.core.internal.command.DbMigrate     [0;39m [2m:[0;39m Migrating schema "public" to version "4 - seed demo data"
[2m2026-03-03T23:17:14.280+01:00[0;39m [32m INFO[0;39m [35m118167[0;39m [2m---[0;39m [2m[cscm-backend] [  restartedMain][0;39m [2m[0;39m[36mo.f.core.internal.command.DbMigrate     [0;39m [2m:[0;39m Successfully applied 1 migration to schema "public", now at version v4 (execution time 00:00.043s)
[2m2026-03-03T23:17:14.458+01:00[0;39m [32m INFO[0;39m [35m118167[0;39m [2m---[0;39m [2m[cscm-backend] [  restartedMain][0;39m [2m[0;39m[36mo.hibernate.jpa.internal.util.LogHelper [0;39m [2m:[0;39m HHH000204: Processing PersistenceUnitInfo [name: default]
[2m2026-03-03T23:17:14.469+01:00[0;39m [32m INFO[0;39m [35m118167[0;39m [2m---[0;39m [2m[cscm-backend] [  restartedMain][0;39m [2m[0;39m[36mo.h.c.internal.RegionFactoryInitiator   [0;39m [2m:[0;39m HHH000026: Second-level cache disabled
[2m2026-03-03T23:17:14.487+01:00[0;39m [32m INFO[0;39m [35m118167[0;39m [2m---[0;39m [2m[cscm-backend] [  restartedMain][0;39m [2m[0;39m[36mo.s.o.j.p.SpringPersistenceUnitInfo     [0;39m [2m:[0;39m No LoadTimeWeaver setup: ignoring JPA class transformer
[2m2026-03-03T23:17:14.502+01:00[0;39m [33m WARN[0;39m [35m118167[0;39m [2m---[0;39m [2m[cscm-backend] [  restartedMain][0;39m [2m[0;39m[36morg.hibernate.orm.deprecation           [0;39m [2m:[0;39m HHH90000025: PostgreSQLDialect does not need to be specified explicitly using 'hibernate.dialect' (remove the property setting and it will be selected by default)
[2m2026-03-03T23:17:15.091+01:00[0;39m [32m INFO[0;39m [35m118167[0;39m [2m---[0;39m [2m[cscm-backend] [  restartedMain][0;39m [2m[0;39m[36mo.h.e.t.j.p.i.JtaPlatformInitiator      [0;39m [2m:[0;39m HHH000489: No JTA platform available (set 'hibernate.transaction.jta.platform' to enable JTA platform integration)
[2m2026-03-03T23:17:15.118+01:00[0;39m [32m INFO[0;39m [35m118167[0;39m [2m---[0;39m [2m[cscm-backend] [  restartedMain][0;39m [2m[0;39m[36mj.LocalContainerEntityManagerFactoryBean[0;39m [2m:[0;39m Initialized JPA EntityManagerFactory for persistence unit 'default'
[2m2026-03-03T23:17:15.354+01:00[0;39m [32mDEBUG[0;39m [35m118167[0;39m [2m---[0;39m [2m[cscm-backend] [  restartedMain][0;39m [2m[0;39m[36mc.cscm.backend.security.JwtAuthFilter   [0;39m [2m:[0;39m Filter 'jwtAuthFilter' configured for use
[2m2026-03-03T23:17:16.543+01:00[0;39m [33m WARN[0;39m [35m118167[0;39m [2m---[0;39m [2m[cscm-backend] [  restartedMain][0;39m [2m[0;39m[36mJpaBaseConfiguration$JpaWebConfiguration[0;39m [2m:[0;39m spring.jpa.open-in-view is enabled by default. Therefore, database queries may be performed during view rendering. Explicitly configure spring.jpa.open-in-view to disable this warning
[2m2026-03-03T23:17:16.910+01:00[0;39m [32m INFO[0;39m [35m118167[0;39m [2m---[0;39m [2m[cscm-backend] [  restartedMain][0;39m [2m[0;39m[36mo.s.b.a.e.web.EndpointLinksResolver     [0;39m [2m:[0;39m Exposing 3 endpoint(s) beneath base path '/actuator'
[2m2026-03-03T23:17:17.018+01:00[0;39m [32m INFO[0;39m [35m118167[0;39m [2m---[0;39m [2m[cscm-backend] [  restartedMain][0;39m [2m[0;39m[36mo.s.s.web.DefaultSecurityFilterChain    [0;39m [2m:[0;39m Will secure any request with [org.springframework.security.web.session.DisableEncodeUrlFilter@59bcbea0, org.springframework.security.web.context.request.async.WebAsyncManagerIntegrationFilter@4a962e1a, org.springframework.security.web.context.SecurityContextHolderFilter@28129b27, org.springframework.security.web.header.HeaderWriterFilter@334ac1b5, org.springframework.web.filter.CorsFilter@ad522f2, org.springframework.security.web.authentication.logout.LogoutFilter@5ae999bf, com.cscm.backend.security.JwtAuthFilter@52bd7c8f, org.springframework.security.web.savedrequest.RequestCacheAwareFilter@4cce89f1, org.springframework.security.web.servletapi.SecurityContextHolderAwareRequestFilter@581a95a9, org.springframework.security.web.authentication.AnonymousAuthenticationFilter@50452041, org.springframework.security.web.session.SessionManagementFilter@25cf33b2, org.springframework.security.web.access.ExceptionTranslationFilter@5ef094e5, org.springframework.security.web.access.intercept.AuthorizationFilter@55e8da2f]
[2m2026-03-03T23:17:17.686+01:00[0;39m [33m WARN[0;39m [35m118167[0;39m [2m---[0;39m [2m[cscm-backend] [  restartedMain][0;39m [2m[0;39m[36mo.s.b.d.a.OptionalLiveReloadServer      [0;39m [2m:[0;39m Unable to start LiveReload server
[2m2026-03-03T23:17:17.724+01:00[0;39m [32m INFO[0;39m [35m118167[0;39m [2m---[0;39m [2m[cscm-backend] [  restartedMain][0;39m [2m[0;39m[36mo.s.b.w.embedded.tomcat.TomcatWebServer [0;39m [2m:[0;39m Tomcat started on port 8080 (http) with context path '/api'
[2m2026-03-03T23:17:17.736+01:00[0;39m [32m INFO[0;39m [35m118167[0;39m [2m---[0;39m [2m[cscm-backend] [  restartedMain][0;39m [2m[0;39m[36mc.cscm.backend.CscmBackendApplication   [0;39m [2m:[0;39m Started CscmBackendApplication in 4.654 seconds (process running for 8376.006)
[2m2026-03-03T23:17:17.740+01:00[0;39m [32m INFO[0;39m [35m118167[0;39m [2m---[0;39m [2m[cscm-backend] [  restartedMain][0;39m [2m[0;39m[36m.ConditionEvaluationDeltaLoggingListener[0;39m [2m:[0;39m Condition evaluation unchanged
[[1;34mINFO[m] [1m------------------------------------------------------------------------[m
[[1;34mINFO[m] [1;31mBUILD FAILURE[m
[[1;34mINFO[m] [1m------------------------------------------------------------------------[m
[[1;34mINFO[m] Total time:  10:26 h
[[1;34mINFO[m] Finished at: 2026-03-03T23:17:45+01:00
[[1;34mINFO[m] [1m------------------------------------------------------------------------[m
[[1;31mERROR[m] Failed to execute goal [32morg.springframework.boot:spring-boot-maven-plugin:3.2.3:run[m [1m(default-cli)[m on project [36mbackend[m: [1;31mProcess terminated with exit code: 137[m -> [1m[Help 1][m
[[1;31mERROR[m] 
[[1;31mERROR[m] To see the full stack trace of the errors, re-run Maven with the [1m-e[m switch.
[[1;31mERROR[m] Re-run Maven using the [1m-X[m switch to enable full debug logging.
[[1;31mERROR[m] 
[[1;31mERROR[m] For more information about the errors and possible solutions, please read the following articles:
[[1;31mERROR[m] [1m[Help 1][m http://cwiki.apache.org/confluence/display/MAVEN/MojoExecutionException
[0m[0m